{
    "date_time_concluded": "05-05-2024T19-47-31",
    "accuracy": 0,
    "smallestDistance": 561.6666507520093,
    "largestDistance": 783.2055086734283,
    "regressionType": "ridge",
    "numCalibrationClicks": 24,
    "targetX": 768,
    "targetY": 432,
    "recorded50X": [
        37.36642836932822,
        32.15053254505983,
        24.987439829046387,
        22.95622505672037,
        0,
        50.55278934505867,
        12.026099536308035,
        0,
        0,
        0,
        0,
        0,
        27.578578252594042,
        31.681968760765358,
        75.81732448823585,
        93.45841031213119,
        141.55762360961106,
        134.21853730127376,
        162.34083025154263,
        159.53615903142554,
        190.83871213907264,
        199.05863307449368,
        209.96679884076858,
        200.2594489287194,
        189.73274166516154,
        157.62032308227475,
        160.6973382969182,
        142.4668986185601,
        143.7263929313955,
        124.15297412399698,
        117.5373065201696,
        87.0144264472092,
        73.4829825382038,
        42.885030484664235,
        25.06781415303254,
        11.265051471803144,
        0,
        0,
        0,
        0,
        0,
        0,
        0,
        0,
        0,
        0,
        0,
        0,
        0,
        0
    ],
    "recorded50Y": [
        499.98908739038336,
        486.4321583760846,
        495.8346184061561,
        507.6400387950872,
        514.1486353184272,
        547.2340719495276,
        565.4118213288107,
        585.5801706484389,
        553.2045753142281,
        527.2667425290452,
        489.2050375361704,
        453.6440724335388,
        446.8851007781375,
        437.88630069648593,
        453.22028968248856,
        455.85005089485475,
        484.5485475216385,
        478.33385857429556,
        492.3868453383875,
        487.66056528143287,
        476.2738545780287,
        483.27927268119277,
        495.7837986557742,
        493.8484221699326,
        512.4042901331234,
        525.2814748626012,
        538.7977061126508,
        552.8366819262806,
        569.5363130715765,
        563.6375232749169,
        569.3902461554021,
        555.8562437013646,
        537.7222045792446,
        539.3126973370769,
        530.81831380336,
        536.7608739877545,
        525.9453043654894,
        506.3957973776271,
        464.0348284728194,
        479.79727585364174,
        459.63696396715864,
        468.04621042591793,
        481.0882687056827,
        453.0315182066928,
        477.1369661958145,
        447.99370278778076,
        472.6508816238915,
        452.81309445936336,
        480.4764936175378,
        470.0505449957517
    ],
    "distance50": [
        733.7901144046363,
        737.8599451245461,
        745.7496383363887,
        748.8735821556631,
        772.380992959226,
        726.6425472091657,
        767.6556860028841,
        783.2055086734283,
        777.505337008758,
        773.8861364775153,
        770.1275325032307,
        768.3049302663027,
        740.5710283339643,
        736.3415591041374,
        692.5078750258606,
        674.9630961366142,
        628.6425063454361,
        635.4728703185682,
        608.6621402636383,
        611.0043733834311,
        578.85691358442,
        571.247619518695,
        561.6666507520093,
        571.0994314965053,
        583.8303451636463,
        617.4664230115908,
        616.6216611039317,
        637.097453002942,
        639.2446901584472,
        657.166212052422,
        664.8141058579291,
        692.1572946165021,
        702.5176667423564,
        733.0127788961018,
        749.4753444312176,
        763.9519769217505,
        773.724576456199,
        771.5949291353935,
        768.6678282816856,
        769.4859190258319,
        768.4971059004205,
        768.8454521463137,
        769.5671888305278,
        768.2879178784984,
        769.3252535289363,
        768.1665174484395,
        769.0750900769051,
        768.2819696576084,
        769.5284078144557,
        768.9420290076969
    ]
}