{
  "date_time_concluded": "02-05-2024T09-55-51",
  "accuracy": 75.83939307554908,
  "smallestDistance": 78.42749878221127,
  "largestDistance": 137.56165656041304,
  "regressionType": "ridge",
  "numCalibrationClicks": 27,
  "targetX": 768,
  "targetY": 432,
  "recorded50X": [
    769.2053662412972,
    772.4369967488076,
    772.1721661323038,
    771.2362425460141,
    778.1181258959492,
    775.3102154007063,
    775.4062132817071,
    776.3373957626573,
    780.7351113118468,
    785.1936552867118,
    790.9479327108943,
    791.728112689837,
    791.0896192470609,
    783.3816840699722,
    771.8035880546119,
    764.2913946141566,
    759.5193388361974,
    751.288523957241,
    758.2157727919177,
    747.3673403709338,
    751.5898420824781,
    749.9286388226844,
    749.8114003786802,
    758.4564138338403,
    764.1776218169316,
    767.7595316193024,
    775.1799071731606,
    779.5323572089897,
    779.4686825102303,
    787.6515913911476,
    787.9680922674797,
    794.4489330722315,
    786.4543701482205,
    781.3993684538043,
    775.7603985526679,
    770.9132105034515,
    769.0673587484954,
    761.7338338398089,
    756.8144225512642,
    747.245721568696,
    743.0629859555797,
    740.1747631430469,
    737.480305212589,
    738.8625025934679,
    743.4332949766361,
    741.9957967233822,
    754.9708084335075,
    756.5237760908564,
    772.4090395414846,
    771.3542489539395
  ],
  "recorded50Y": [
    542.0880162016974,
    551.2109544290618,
    560.1146385632751,
    563.2649318241315,
    569.1890406847382,
    560.3776085146341,
    565.4694346079646,
    554.7514746767383,
    555.4309066234018,
    550.2090497352344,
    555.0345428081627,
    554.1183206651516,
    550.2093715367537,
    541.0419854274642,
    529.8393742632909,
    515.8852048683316,
    514.0231918167199,
    508.626360566753,
    514.5747668767954,
    515.7942324782575,
    522.6349082491607,
    528.0361831729344,
    532.8468126640797,
    540.4529839013705,
    539.2332469267403,
    539.4261159001633,
    539.5635810686648,
    538.6276056886804,
    541.9011827839017,
    541.5894731405162,
    534.6541056575618,
    532.8434913154666,
    524.2680016702941,
    524.8863681985046,
    531.75558328436,
    537.7481949156822,
    539.061093114582,
    545.3219287827314,
    535.2346968537304,
    532.3592064519527,
    523.6433871191217,
    516.9457966931316,
    513.1496475289592,
    508.10859198290564,
    508.5743437678454,
    513.2374788625355,
    518.3961758684769,
    519.3538762447973,
    526.9669405674683,
    531.9064214267971
  ],
  "distance50": [
    110.09461485014086,
    119.29349771063286,
    128.18255569473624,
    131.30481938074675,
    137.56165656041304,
    128.5855731298864,
    133.67476190270122,
    123.03429076244193,
    124.08614656761677,
    119.45292470854532,
    125.15632760558829,
    124.402200840252,
    120.44328970967422,
    110.12152737222519,
    97.9132801938608,
    83.96714446561742,
    82.46044875925459,
    78.42749878221127,
    83.15240962724098,
    86.2970453723021,
    92.10852227786411,
    97.7216586700533,
    102.47392244219337,
    108.8720797726481,
    107.30135051072591,
    107.42638503848775,
    107.80294541120122,
    107.24943616493492,
    110.49796674971464,
    111.3374944366028,
    104.57815315426278,
    104.25428433091838,
    94.0954191754143,
    93.84785811124814,
    100.05698467423018,
    105.78831468249479,
    107.06641356460575,
    113.49504121936597,
    103.83891263559764,
    102.48273216922814,
    94.97560250989102,
    89.38697993542675,
    86.69900267010598,
    81.49546937551851,
    80.41861177103925,
    85.2979868460713,
    87.37310248339104,
    88.10450278052858,
    95.06923493130381,
    99.96271319023805
  ]
}