{
    "date_time_concluded": "08-05-2024T19-49-53",
    "accuracy": 82.3276023166523,
    "smallestDistance": 37.37104910872236,
    "largestDistance": 119.96899272890882,
    "regressionType": "ridge",
    "numCalibrationClicks": 29,
    "targetX": 768,
    "targetY": 432,
    "recorded50X": [
        827.6819347010509,
        825.6946807305901,
        833.6382373932718,
        832.4183311258384,
        837.9493153260129,
        834.3571491211657,
        837.3382957256267,
        835.2746061699996,
        835.961087245463,
        833.158226361196,
        825.431999034209,
        823.5301362560393,
        818.2109135254775,
        822.8294765694852,
        828.9025282263844,
        831.3948687636241,
        842.3755635298181,
        844.5700018690093,
        853.2539375233382,
        857.1166276146653,
        859.7812672418179,
        861.6779027695869,
        868.821216588547,
        868.6689591507777,
        878.4719009218877,
        876.2559672241443,
        881.6372056703697,
        881.5437233879004,
        885.0025392820164,
        886.437671746552,
        886.5361333449085,
        887.8805021853128,
        887.0576285045756,
        887.1578617958548,
        847.0142251305683,
        845.0344886528931,
        835.3589314502373,
        825.8306209552438,
        815.6546312674287,
        809.7581616526104,
        802.3770149490896,
        799.383462280067,
        795.7145978710867,
        797.716396474711,
        795.09678732802,
        808.1962708933794,
        805.1964388692923,
        824.6101328308225,
        818.8793179969798,
        828.0651688812562
    ],
    "recorded50Y": [
        457.62222259648354,
        460.0655749123129,
        454.53064444260025,
        438.57084132090597,
        434.0553264471074,
        416.5428438330846,
        416.57655821912533,
        413.74298288094866,
        418.61678327886693,
        424.0181434694724,
        431.9583048753851,
        429.5016940555623,
        436.3806561782069,
        429.39237743616536,
        429.7381148659779,
        420.09777098848906,
        418.0571590057391,
        408.1136673267596,
        406.772515070203,
        404.9030210010101,
        403.8676595421799,
        403.2670576641621,
        407.59144405146844,
        405.8666796742208,
        407.79092986159026,
        412.95916556737177,
        412.71922815688526,
        421.52332943210655,
        428.0772119865064,
        427.07509395934153,
        425.5829915497322,
        427.3930039954233,
        421.7263644960394,
        424.87453456525725,
        473.91659828524735,
        480.5670994918281,
        480.2117628811669,
        473.43376343749094,
        454.7081732756154,
        443.5176087118609,
        417.34339211561525,
        403.9756322614484,
        399.00143817104237,
        401.01152362102664,
        402.4984352091785,
        417.64572901392813,
        418.2374821187245,
        430.58920561217076,
        441.2503176776953,
        455.6061538216476
    ],
    "distance50": [
        64.94945435062755,
        64.1588082788589,
        69.39746499040417,
        64.75258559086805,
        69.9795047237558,
        68.13365479890997,
        71.03296284474199,
        69.70789990678162,
        69.26629677837734,
        65.64529302403011,
        57.43201416935327,
        55.5863073535768,
        50.401646655785385,
        54.89144920950027,
        60.944516313816656,
        64.50249949420237,
        75.67117856469036,
        80.20923933560769,
        88.90815406427237,
        93.14515332685122,
        95.99598739608179,
        97.98536340996428,
        103.73377134707533,
        104.00571987996975,
        113.0934125856224,
        109.9177320341253,
        115.26128003556157,
        114.02603977590472,
        117.06828120476786,
        118.54002188397523,
        118.7097001336148,
        119.96899272890882,
        119.50006900249798,
        119.37071787260793,
        89.44411095645668,
        91.06632525287182,
        82.83477365350633,
        71.14167184332294,
        52.788493204011516,
        43.317425766602,
        37.37104910872236,
        42.074777383011266,
        43.092969472242,
        42.934250753127245,
        40.057186728563245,
        42.682376799746336,
        39.66083664005872,
        56.62770947096571,
        51.71337715694147,
        64.53739234726731
    ]
}