{
  "date_time_concluded": "01-05-2024T18-07-17",
  "accuracy": 88.33329297473533,
  "smallestDistance": 6.936647722267624,
  "largestDistance": 91.61093256516685,
  "regressionType": "weightedRidge",
  "numCalibrationClicks": 27,
  "targetX": 768,
  "targetY": 371,
  "recorded50X": [
    820.6097929791546,
    829.8784090492396,
    823.5163018654766,
    827.0398716540642,
    812.8255964639229,
    805.2264318408488,
    800.7774787486034,
    798.6043664669022,
    792.5267124151537,
    791.508796923142,
    801.1426295777351,
    794.4167767178869,
    801.716433479128,
    797.6187721276642,
    799.9108860511951,
    793.1756714115284,
    795.5963997357907,
    784.3169755122516,
    770.6203079786362,
    765.9094129790685,
    757.5138681620851,
    753.064185713365,
    752.4334567921254,
    745.0978853145602,
    741.9389127103882,
    732.7010666248423,
    731.2268366378901,
    717.9827406877639,
    727.7801710687306,
    727.474641263195,
    739.9079244040278,
    749.8987416116283,
    752.317136759503,
    755.83871312725,
    759.0951979495533,
    763.5258529910718,
    776.3844023092288,
    793.4834063601968,
    812.6977192324823,
    836.3640223620914,
    848.4078193731938,
    857.3703925459963,
    851.774593411089,
    840.6342710396805,
    827.66670054394,
    816.6881275021251,
    814.3829860651197,
    810.4098946356758,
    814.527402623447,
    810.8364321571194
  ],
  "recorded50Y": [
    333.1167991240445,
    345.5613308375285,
    363.28352360968415,
    367.51201792180717,
    382.66489086742996,
    390.505702294215,
    406.2277817632579,
    410.96498706229886,
    408.7020032275757,
    400.9407623443127,
    385.53415769051503,
    380.61565935123866,
    364.5284224080214,
    367.05442503830386,
    349.43012402977604,
    347.9660744302265,
    344.546718147237,
    347.79824490628215,
    355.40913885363375,
    364.3858842215491,
    368.2015348980011,
    374.26604827795677,
    382.44817334525135,
    383.1845639808455,
    386.64364140068426,
    386.8241922120096,
    384.06975861054764,
    386.8439951692926,
    381.9704257101253,
    376.46258619824243,
    366.9931187027581,
    356.6163314098628,
    353.60691734983675,
    353.73644717555266,
    352.0855920893865,
    352.92544870542156,
    354.1668730727604,
    359.751955906283,
    372.9023373766731,
    386.2146620805553,
    390.1447113269494,
    391.13692880342165,
    395.51249383381975,
    391.68360144442613,
    398.2642214392989,
    321.3427867092547,
    322.9914032806297,
    316.0912435854189,
    319.8132223638263,
    318.41225279495967
  ],
  "distance50": [
    64.82998708867291,
    66.90338851824097,
    56.05001142462886,
    59.14281413583706,
    46.31850361675677,
    42.027129923323415,
    48.11818493121774,
    50.33713775861877,
    44.9777797280811,
    38.06721401064363,
    36.18944093378229,
    28.11239934480436,
    34.33189774949039,
    29.880415394181888,
    38.5170637243184,
    34.12295646885116,
    38.22744301100018,
    28.364857293776044,
    15.809521345954069,
    6.936647722267624,
    10.853127100022242,
    15.288741601544439,
    19.32298994424905,
    25.941674126169126,
    30.395785678116113,
    38.683585105137944,
    39.02671051721382,
    52.46673624337649,
    41.689145823846665,
    40.891864089571186,
    28.37639527882295,
    23.120239560901922,
    23.4194688986651,
    21.1169873448796,
    20.90574863923122,
    18.62008044982213,
    18.805647136739555,
    27.855385397677058,
    44.738182708738925,
    70.03660111506,
    82.6555345282116,
    91.61093256516685,
    87.28714026216188,
    75.52184252372047,
    65.60070826211663,
    69.54403347136086,
    66.75482570781095,
    69.37990122510207,
    69.17286606509398,
    67.82647769162656
  ]
}