{
  "date_time_concluded": "03-05-2024T19-54-02",
  "accuracy": 85.37159925418635,
  "smallestDistance": 20.1913297610606,
  "largestDistance": 93.8794044995453,
  "regressionType": "weightedRidge",
  "numCalibrationClicks": 41,
  "targetX": 768,
  "targetY": 432,
  "recorded50X": [
    777.179274285337,
    783.4773544016311,
    797.4147692423392,
    769.0268612028882,
    785.6789353900276,
    769.2815533193555,
    771.0450986954256,
    785.1220326085154,
    778.4490156087002,
    802.941448223073,
    806.546082211468,
    838.9510476288503,
    840.0848609771629,
    859.4222413124251,
    836.2422014077549,
    858.2336279220971,
    836.980474751629,
    852.5964263011535,
    847.4177069056927,
    838.4707990276022,
    831.4550195637111,
    827.7212111748064,
    817.4929250821918,
    822.0890205844933,
    819.1650856597726,
    812.4832262016054,
    812.1908812302559,
    797.5287868433647,
    797.184766104369,
    774.9421824464998,
    782.5756292951995,
    769.4701003494197,
    778.2837929883538,
    774.9995074307494,
    794.4289848011138,
    782.7844131283152,
    822.7868873348461,
    843.3347850333668,
    821.8367161595803,
    833.5101867344654,
    816.5098501003781,
    813.0329695407321,
    809.2118486676873,
    791.6703989122586,
    790.9123094631551,
    778.9152997199333,
    780.6065310644356,
    766.0755321505717,
    769.7085963259292,
    775.4869837449053
  ],
  "recorded50Y": [
    379.8619205288446,
    357.10643249050975,
    364.6482123892621,
    362.29414608293695,
    361.1154825623176,
    377.39951863621195,
    369.751244027637,
    383.6969493930849,
    382.4917495339473,
    387.7768079804544,
    396.5211914427547,
    392.29243283804226,
    396.93175676523344,
    410.66185615846666,
    417.27778499769954,
    432.826218337588,
    433.80267650772475,
    413.03840836929066,
    416.6681077621667,
    395.27802860480716,
    403.2224437372141,
    401.55153717306916,
    395.4661158983196,
    390.62216432493534,
    381.9535691583366,
    364.987841003301,
    358.09493863631656,
    343.51287302481114,
    344.67180448399756,
    358.71349533557657,
    366.1676223970478,
    388.88988848985707,
    397.4632806047757,
    390.7273709258782,
    386.05536333853655,
    374.54239357803056,
    390.8956633407197,
    399.5586195485797,
    397.40170685162343,
    411.5646521126945,
    415.85494747420387,
    429.2036595932824,
    444.8713962039583,
    436.8253130737202,
    436.0521339809579,
    415.0133573198258,
    399.08148267901925,
    383.8512699507818,
    379.5615508998559,
    367.6441057318327
  ],
  "distance50": [
    52.93995095715487,
    76.47610707647367,
    73.49484297515038,
    69.7134170317087,
    73.05586608136181,
    54.61551926025896,
    62.323191880484465,
    51.24791409005119,
    50.59890108886028,
    56.36129448764724,
    52.388417713220896,
    81.30646991201115,
    80.16239059352988,
    93.8794044995453,
    69.81218853144877,
    90.23741045001692,
    69.004025531498,
    86.69542836906851,
    80.88410900634963,
    79.46468837627226,
    69.67558576925465,
    67.03530377874638,
    61.51645569070501,
    68.10100904496488,
    71.5717208858447,
    80.43249882169553,
    86.10918696095321,
    93.28408702862491,
    92.07586168289643,
    73.61457507212174,
    67.4266335375626,
    43.13517021473685,
    36.03527972434479,
    41.861951877130174,
    53.00378171009492,
    59.32921209059365,
    68.49211280169841,
    82.02300288100511,
    63.99557715677089,
    68.62352373100441,
    51.12600392972123,
    45.11970595346058,
    43.17510058873781,
    24.157223162542294,
    23.26786871922353,
    20.1913297610606,
    35.24987103650577,
    48.18717445395582,
    52.4662772210244,
    64.78993789665184
  ]
}