{
    "date_time_concluded": "01-05-2024T17-49-05",
    "accuracy": 81.9471234916923,
    "smallestDistance": 16.906990919258515,
    "largestDistance": 103.34877775674195,
    "regressionType": "weightedRidge",
    "numCalibrationClicks": 27,
    "targetX": 768,
    "targetY": 371,
    "recorded50X": [
        752.0171417330396,
        751.9576554667867,
        750.2261580916721,
        742.6417347671859,
        736.5375797429384,
        724.8918939908012,
        719.6182788910579,
        715.4824210784471,
        719.1553447015369,
        716.7844466878195,
        716.7438404426545,
        711.0927852732088,
        712.9330489703323,
        713.7428303088118,
        724.5937176092175,
        732.0251417669358,
        733.0687051435374,
        741.9103042192432,
        742.4687883409113,
        743.9729887938788,
        742.7806293626477,
        733.8115899814408,
        726.1393184088292,
        724.5902493305014,
        716.0750617434571,
        713.9458700251117,
        704.1515227494122,
        696.082311603549,
        687.774446729399,
        688.7643774400447,
        689.6152347285483,
        695.3540949111464,
        704.1208647335227,
        708.767492076645,
        712.7422380843191,
        716.3523587447248,
        718.0412930616959,
        721.8638158491009,
        724.5282699418894,
        726.2242984103393,
        732.2537740729922,
        737.4679669946948,
        742.2661924900355,
        747.8043698793559,
        747.2331131075011,
        748.8604190086078,
        750.701847464583,
        752.8583214985956,
        752.7944157045415,
        752.5374008280875
    ],
    "recorded50Y": [
        354.5320049682017,
        349.9277649798181,
        353.48737444959716,
        345.8924348247449,
        342.49889098567667,
        333.13334389768966,
        321.8798980254338,
        312.56588871726854,
        303.22077342313884,
        294.86168054361616,
        291.2181571841168,
        287.84135092626155,
        287.6664265118777,
        283.89793068864475,
        281.4409715917657,
        283.62260304129865,
        283.82815496321024,
        292.0643489894919,
        299.8746299302944,
        304.1303359385131,
        310.45113902731407,
        313.48938118453236,
        320.84437488216065,
        329.3614402062269,
        330.792732292135,
        334.0864172429242,
        323.1665835079525,
        313.5128267620732,
        307.53192904548575,
        304.85634770052235,
        303.6442397626464,
        301.7363832808736,
        299.362818828381,
        294.11438887369155,
        303.18679495108887,
        314.66647503391687,
        318.99617954839914,
        320.2534483323847,
        325.50991476627826,
        322.64853682306637,
        324.9877405376151,
        326.85391502585907,
        339.6820027749462,
        344.67552595823287,
        361.65946099834457,
        362.1080355692428,
        367.3763145132448,
        363.4783037748126,
        359.1068978416372,
        355.0034362020832
    ],
    "distance50": [
        22.94878251125925,
        26.483880132414477,
        24.951984086458033,
        35.68517121504999,
        42.45229208745155,
        57.37763020612611,
        68.94617723598049,
        78.56615974568298,
        83.54534042412634,
        91.76097531475548,
        94.82793014542897,
        100.7660260391879,
        99.88420078272691,
        102.61876505405104,
        99.52348928979167,
        94.49338561067404,
        93.91020140254848,
        83.13548716634288,
        75.56891580758426,
        71.05525483168142,
        65.59101478429646,
        66.90529617403351,
        65.32919251176017,
        60.15127691818066,
        65.67209140477951,
        65.45579851552954,
        79.77884293796517,
        92.07023944346204,
        102.29533434258525,
        103.21466282451297,
        103.34877775674195,
        100.37368244312238,
        95.98140261846702,
        97.05610332769515,
        87.47600260034602,
        76.4260746233765,
        72.11289579894634,
        68.58396309750277,
        62.92169076571688,
        63.89892983969878,
        58.26594793580994,
        53.6757101301987,
        40.53450134328019,
        33.17893020495895,
        22.770798406013064,
        21.1042789965427,
        17.673629441783415,
        16.906990919258515,
        19.304291562125453,
        22.248191533067402
    ]
}