{
  "date_time_concluded": "01-05-2024T12-16-04",
  "accuracy": 89.42484623404133,
  "smallestDistance": 15.197393674139411,
  "largestDistance": 64.85737277042188,
  "regressionType": "weightedRidge",
  "numCalibrationClicks": 29,
  "targetX": 768,
  "targetY": 371,
  "recorded50X": [
    721.2226987639342,
    746.4973444928945,
    741.6336331806427,
    736.8205526256297,
    727.1835403094034,
    721.517451496846,
    718.860618987763,
    723.8007917589125,
    722.3795223527989,
    730.6064841956465,
    731.0720854057868,
    747.8105061714789,
    742.9124647367821,
    748.000740288108,
    737.1043115510547,
    737.031170901996,
    733.6845403776722,
    739.3360915399501,
    744.0578805576534,
    748.540610430817,
    753.1410402820825,
    751.6341796065378,
    744.3620717159047,
    741.672072424299,
    734.389428649414,
    733.8516814282668,
    739.0360772896696,
    743.1829586198688,
    746.8635190502346,
    749.2885717743009,
    749.5446146906324,
    742.4353155316667,
    745.961585699924,
    731.9703897495249,
    737.5727591858168,
    727.0963941256443,
    729.129883952884,
    727.6991630992779,
    724.4301480206375,
    723.3916815936657,
    722.5777055934327,
    731.4949244330594,
    729.5637745009658,
    738.386605308525,
    728.7723272484574,
    726.4942777489078,
    707.9948847030292,
    709.3680318558092,
    703.986318263589,
    708.0916809015323
  ],
  "recorded50Y": [
    363.392535568164,
    369.85040211994874,
    361.4152717288893,
    354.6288449179245,
    345.3907202256306,
    335.39106216379537,
    333.5454101302015,
    336.5589506963527,
    336.6278025894851,
    340.1234992157731,
    342.1875279820098,
    349.23569197226846,
    347.6522382487301,
    351.69600533813446,
    343.55401178892606,
    345.93254047469185,
    348.1193315480913,
    353.6310219386703,
    361.8029536333962,
    364.690835821197,
    367.8106284963841,
    369.6772079001614,
    364.83820919620064,
    364.64725834890703,
    363.29500922893897,
    364.38290924931397,
    371.3809226865403,
    369.65560503717586,
    380.69289868441433,
    383.5312283395555,
    394.15138076847484,
    392.6703750968379,
    402.22997403231966,
    387.37233524202327,
    398.7594378326476,
    392.3400026607022,
    397.4382280065083,
    399.6577618796634,
    395.83351010307183,
    390.26900440197676,
    384.5009577513812,
    379.9811645449461,
    374.0042432738471,
    379.80702460309317,
    369.3979202935947,
    366.1433574172431,
    362.19633938826973,
    354.0123799414397,
    360.5727590786945,
    358.2983941531205
  ],
  "distance50": [
    47.39187088532476,
    21.533364092567428,
    28.054452681952867,
    35.21608520679851,
    48.18525285018252,
    58.55445131815985,
    61.786123592442735,
    56.033524664037316,
    57.11983837149914,
    48.493642107896946,
    46.83833280620667,
    29.686710241754167,
    34.27101405528093,
    27.79594572827197,
    41.325849460316014,
    39.84276474787287,
    41.24409967374462,
    33.51568359889253,
    25.647821452533716,
    20.45662227838017,
    15.197393674139411,
    16.419191700277384,
    24.427839025870057,
    27.083520762945273,
    34.48242145347352,
    34.783524135420656,
    28.96642747842947,
    24.85342915332228,
    23.253023714048844,
    22.519974021822712,
    29.60722341598628,
    33.51355321065041,
    38.22306872715948,
    39.57507013358711,
    41.18741764603508,
    46.13567694402458,
    47.00920996613731,
    49.451236292433464,
    50.15012687464439,
    48.59214547315548,
    47.38629220947186,
    37.593641200759485,
    38.55345520522205,
    30.895255744411152,
    39.260374028883064,
    41.78889752986376,
    60.64749213256295,
    61.04332005809808,
    64.85737277042188,
    61.23999908795977
  ]
}