{
    "date_time_concluded": "02-05-2024T09-40-09",
    "accuracy": 77.95275156667782,
    "smallestDistance": 7.046135889264775,
    "largestDistance": 196.77728603671687,
    "regressionType": "weightedRidge",
    "numCalibrationClicks": 27,
    "targetX": 768,
    "targetY": 432,
    "recorded50X": [
        795.9589792824813,
        793.78607686792,
        803.956085975315,
        788.0883088890954,
        797.233743989517,
        778.818058064453,
        776.8059715498233,
        765.077115979617,
        749.8960888577128,
        761.0984730816771,
        749.4924978681745,
        780.881806137259,
        791.6340282491565,
        816.6814755113028,
        837.3497225204812,
        857.9630821348877,
        865.318351359349,
        873.619036056636,
        871.3792110963784,
        866.0867760090846,
        856.0381986672392,
        876.8419018563288,
        861.4530306767492,
        899.1449489398702,
        884.3025333614526,
        905.99846018833,
        889.2595075350612,
        902.2405991940265,
        889.9836930553781,
        889.7439616693068,
        879.5959937266671,
        809.6547735437439,
        812.3557284121341,
        823.2302624246338,
        824.6581344525378,
        846.8067869323868,
        857.6647405488568,
        873.2442343645206,
        885.8065805335094,
        880.594288603623,
        875.6289804511623,
        855.2678045585623,
        842.9470009002573,
        823.4878481871099,
        818.9895932959851,
        808.9355886807982,
        807.6466584029074,
        796.8980801448936,
        798.3297985404042,
        790.9861498844607
    ],
    "recorded50Y": [
        471.32695674619447,
        495.36078033329204,
        483.14068528428714,
        492.8357336338878,
        461.50175848812955,
        457.0525100548218,
        427.2243582522045,
        438.4113009579472,
        430.48533091650927,
        443.3044437246748,
        449.7454328863651,
        457.1433375238714,
        475.55031563116154,
        473.3417867995649,
        499.8931535119939,
        493.5355742278522,
        513.756876564025,
        523.1505205625102,
        541.1274844794632,
        552.7439885860646,
        563.8720337135628,
        572.8340825631313,
        576.1260714186631,
        567.6703660288996,
        572.4938702584636,
        563.7659988508728,
        572.7189726956809,
        575.8775932103558,
        567.3448695138297,
        573.6271018850972,
        567.7233416930432,
        471.3330303707031,
        463.10748715345994,
        473.0836944683451,
        478.8071506432237,
        482.5800099926673,
        482.79246304641185,
        475.76416967636857,
        469.5542487485925,
        462.362544730006,
        462.5671341864447,
        454.7803459599113,
        450.38105164047806,
        451.5913433802813,
        447.13941666984556,
        462.28316017510735,
        473.8436501333216,
        473.9492193399285,
        475.6432731860649,
        476.10309057713573
    ],
    "distance50": [
        48.25260665948805,
        68.40694588038531,
        62.51567651406122,
        64.06657974948449,
        41.53270448136683,
        27.288434186168047,
        10.017579000915571,
        7.046135889264775,
        18.16716326453618,
        13.244678996815113,
        25.640359269792103,
        28.251165483874185,
        49.54994735472197,
        63.86727952354202,
        97.05083362584224,
        108.99533495870389,
        127.10251129229084,
        139.51271689831566,
        150.31988942161,
        155.5638981496929,
        158.5590038450145,
        177.99100654556008,
        171.7725047999446,
        188.69405356517402,
        182.38642177117737,
        190.80317991982815,
        185.75709258107307,
        196.77728603671687,
        182.20388326033094,
        186.76142051106098,
        175.71138635890634,
        57.290552773762265,
        54.17662226434642,
        68.8349608749961,
        73.4918604403187,
        93.64212234600909,
        103.05163754164666,
        113.98092566055128,
        123.6475313787922,
        116.61628509190972,
        111.88541962797832,
        90.19209430168847,
        77.16810224019437,
        58.84489809558551,
        53.18966592857265,
        50.91946789622515,
        57.643287371528814,
        50.93953316717895,
        53.14726685253907,
        49.73374794810795
    ]
}