{
  "date_time_concluded": "05-05-2024T19-39-15",
  "accuracy": 81.5672917036101,
  "smallestDistance": 37.97350534734958,
  "largestDistance": 111.74484164916339,
  "regressionType": "ridge",
  "numCalibrationClicks": 27,
  "targetX": 768,
  "targetY": 432,
  "recorded50X": [
    712.4000163112964,
    725.4170745999782,
    723.5220326570046,
    715.8967396630546,
    705.2517259702876,
    686.3753347396096,
    667.6790219643209,
    661.7812795268858,
    662.7338902010579,
    660.6397791443435,
    664.7628176432604,
    666.031181972766,
    661.2121068021485,
    668.0398066090961,
    675.1364928666478,
    675.1115554418484,
    687.7428233082262,
    685.2285082303508,
    698.5515544034417,
    703.8244324163643,
    707.5496102853853,
    713.9818313358621,
    713.2903740745874,
    706.3643034705602,
    701.1538883382009,
    688.6764355011278,
    693.9565528256425,
    687.2045601110757,
    706.6239762462161,
    702.859785694433,
    721.0446410207603,
    723.1732961745863,
    752.0607024278177,
    777.8090573905441,
    819.6941367122046,
    849.2032786009149,
    863.9888478046869,
    872.2919301519324,
    877.2171981391001,
    857.8214449616844,
    860.0674246603526,
    823.3010750923704,
    815.642969508662,
    782.9707294263503,
    814.1128486843409,
    775.2071207321179,
    792.2169837895601,
    673.6388213480423,
    689.223823525695,
    703.4642300356686
  ],
  "recorded50Y": [
    407.56521139496124,
    411.6766519969085,
    411.9011837264053,
    426.4381512097217,
    430.78749772396765,
    452.0342726489735,
    451.90310989003353,
    456.3312465030767,
    460.81666000967243,
    455.5500122071518,
    455.74496806722345,
    443.4830737304061,
    444.1119832666816,
    432.53243534985745,
    441.59009668310676,
    448.3760161299538,
    453.0572875621208,
    455.5789595577962,
    461.5735404161203,
    458.3385285417835,
    442.0854698390445,
    447.3182942675219,
    411.8381860230936,
    411.1314747874704,
    389.1545445085952,
    379.63819340403404,
    372.63097301853537,
    367.0083502937779,
    367.3934551338478,
    366.8328835602632,
    368.6103259234101,
    373.19725841325146,
    377.043229756241,
    385.9993194596492,
    385.0523685145607,
    394.87183906807763,
    390.95477817768096,
    403.7170660693322,
    408.3671147372745,
    403.5568956880243,
    415.1363986880995,
    392.3553008004624,
    403.0093950797768,
    393.0567081984574,
    405.9594103195732,
    387.0449438190625,
    402.7506443745957,
    394.5523008974254,
    405.2796457436982,
    411.68859708709806
  ],
  "distance50": [
    60.73233965818404,
    47.184149983639514,
    48.80831890737766,
    52.39927384711953,
    62.759987695005705,
    84.04735605266949,
    102.2762553935661,
    108.96984048505833,
    109.13914864207065,
    109.9127840477728,
    105.93271132880612,
    102.61335601260247,
    107.47257451223601,
    99.96161138231358,
    93.35738273697206,
    94.32092576263929,
    82.97363298065504,
    86.06443623007874,
    75.4829840992128,
    69.3701777453982,
    61.285938995197554,
    56.14813162602689,
    58.306448286085484,
    65.07268575381823,
    79.3985875224973,
    95.04728651992167,
    94.9058134899425,
    103.69097182677508,
    89.11241176944536,
    92.14119917195247,
    78.8863519019961,
    73.94048819131021,
    57.221567635987526,
    47.03488298131927,
    69.83096642974881,
    89.28870471523558,
    104.39621227475025,
    108.05892395606239,
    111.74484164916339,
    94.21731347213647,
    93.59910113241702,
    68.04344994923325,
    55.7701328422639,
    41.72172954105675,
    52.9575974217984,
    45.52910789240847,
    37.97350534734958,
    101.52025514479193,
    83.1845136518397,
    67.6566234243133
  ]
}