{
  "date_time_concluded": "30-04-2024T19-52-23",
  "accuracy": 82.95835431236715,
  "smallestDistance": 11.52079207315649,
  "largestDistance": 96.04047594049918,
  "regressionType": "weightedRidge",
  "numCalibrationClicks": 29,
  "targetX": 768,
  "targetY": 371,
  "recorded50X": [
    845.9938950645048,
    844.6494506158467,
    839.5070799141866,
    833.5256489085507,
    777.8934978277641,
    778.3224337129053,
    781.330710848364,
    780.0882373432732,
    791.5201949951718,
    792.8007273339963,
    797.5490419044045,
    797.9156786371507,
    802.7422419432447,
    805.4947119693742,
    813.8876987810706,
    819.8660091130928,
    826.0415094996787,
    833.2518604012704,
    837.109520397931,
    838.977695596996,
    839.2951917811665,
    842.6548660117726,
    841.2031899477603,
    845.3463359231553,
    840.1944876520304,
    832.3508405254765,
    820.5230945439032,
    809.9190837502083,
    795.7175897951743,
    792.6129042479153,
    784.3441002287211,
    789.1947747908805,
    797.6729446298273,
    806.71232489248,
    820.6059677711762,
    826.0122922685238,
    830.6413938006436,
    828.794877068957,
    834.6256538049589,
    835.023044601001,
    838.5912053750721,
    842.6692179750557,
    841.9256529509294,
    846.217841745183,
    842.5492026415832,
    850.1377225581264,
    846.2011012298417,
    849.6400432729015,
    847.0259634026538,
    847.7403301675836
  ],
  "recorded50Y": [
    366.54419673187533,
    358.4786156360665,
    360.6664153657921,
    363.9242722263707,
    365.0968355329593,
    355.10969519012394,
    353.40744621388,
    340.2062020808956,
    342.75377861209074,
    351.6907757251002,
    347.90260006641836,
    354.1752035679623,
    362.64130945816856,
    353.7410320143937,
    362.519858691748,
    357.0554355608457,
    369.036277362427,
    376.72129078924706,
    393.37830607419505,
    393.8782106045436,
    412.4701296667139,
    400.71369419461365,
    412.51293870825197,
    394.13033012812286,
    386.85649248758585,
    372.8001531259963,
    350.89971479157634,
    340.36750663121563,
    320.9902805822718,
    318.7886844546857,
    306.9441635729877,
    310.6222907314033,
    311.87286088717985,
    327.3542832669626,
    346.1721610211616,
    354.3939674879498,
    371.7100187485586,
    373.4763577768651,
    386.2419606174034,
    403.3019171049575,
    414.3137720602244,
    426.40037037753586,
    431.6155105722888,
    426.7291867121987,
    417.6291024836704,
    396.92007763491324,
    390.67731601652747,
    384.9752510378049,
    381.40926832002623,
    381.179475264972
  ],
  "distance50": [
    78.12107174186247,
    77.66545786963779,
    72.24988200160755,
    65.90657469792494,
    11.52079207315649,
    18.948731480183422,
    22.072738852263313,
    33.08146720370704,
    36.75661294659351,
    31.43122998537618,
    37.505143129443844,
    34.32231931703891,
    35.73361278708123,
    41.27620866303633,
    46.664694320548094,
    53.707855838016386,
    58.074719384587716,
    65.50220190285211,
    72.64237325681472,
    74.57376075219538,
    82.47894292295081,
    80.35080983989356,
    84.15480437100996,
    80.73083582233946,
    73.91530559598623,
    64.37601438123014,
    56.23786025381628,
    51.918775336535006,
    57.177240404670194,
    57.72188949167743,
    66.10809173354377,
    63.98973554375208,
    66.15513753799912,
    58.3403178575628,
    58.170520313137615,
    60.34224366097014,
    62.64541758110181,
    60.84529090791362,
    68.3468734354448,
    74.40095668903263,
    82.82029416991158,
    92.97684201442067,
    95.59938433986126,
    96.04047594049918,
    87.93097755016983,
    86.13045855930218,
    80.6387561856843,
    82.82755765547417,
    79.70856766167537,
    80.38744909440413
  ]
}