{
  "date_time_concluded": "05-05-2024T19-42-44",
  "accuracy": 84.52700731356202,
  "smallestDistance": 8.817087858468179,
  "largestDistance": 142.93863929058287,
  "regressionType": "ridge",
  "numCalibrationClicks": 36,
  "targetX": 768,
  "targetY": 432,
  "recorded50X": [
    769.5934137928716,
    781.1191423815706,
    782.9843243176856,
    795.8936304136099,
    809.2504138329855,
    810.5946042649391,
    824.4317582533656,
    811.8910945971171,
    804.6208380649047,
    789.5613565663714,
    768.0402552226365,
    764.4565560542928,
    740.9933109527483,
    741.1803879869174,
    742.1634675978614,
    759.1371130527243,
    770.8683698701212,
    793.0799439171408,
    814.9421089362377,
    829.5924668272622,
    851.4126236938794,
    871.4661994957635,
    888.4688337866089,
    894.7210450959358,
    904.5630231225905,
    888.1126833583534,
    876.948549607446,
    837.5046084991268,
    821.9608325217107,
    802.7389609665032,
    805.999742106395,
    799.5712265862951,
    803.7132470120227,
    787.0255841149118,
    786.7566253955202,
    777.4981426098914,
    784.5822792986826,
    796.8629649140364,
    800.259193802351,
    850.1170420309455,
    842.7954374762297,
    823.8687912211414,
    816.4298741047435,
    793.1518868450856,
    800.948838013661,
    777.8690171380413,
    787.2588655468339,
    773.8526038020157,
    769.2358544736314,
    769.4029867630129
  ],
  "recorded50Y": [
    416.1173403337001,
    436.7241724325137,
    413.04521202964025,
    423.6039609975832,
    424.19687329312876,
    440.19952609688073,
    443.5226682239337,
    444.83702193332556,
    445.87739404467015,
    430.8794421867193,
    418.7658257467708,
    423.92627450877984,
    371.99877008684894,
    393.64826776226744,
    324.1581545315661,
    358.44973037068485,
    319.1465817405858,
    356.4898647482707,
    362.0479355709522,
    385.82190514984586,
    408.0345557657756,
    425.4619282001057,
    418.44551280711437,
    412.41589095368363,
    389.7863136191333,
    356.8863209746705,
    367.7701547704287,
    322.97644466721977,
    353.5808811848857,
    303.33032826241913,
    339.5247460981408,
    310.2327454848926,
    338.3316184656918,
    342.8933348502212,
    357.598493478216,
    376.6269973756853,
    389.2494238420023,
    379.63814602915954,
    392.0721649180849,
    412.42115578950836,
    401.87838193925467,
    407.98395152622174,
    416.94115036132087,
    408.9864164336999,
    427.22142373323106,
    411.75319583120006,
    417.59057264434796,
    423.2762419955206,
    421.6768536428226,
    440.89997888423295
  ],
  "distance50": [
    15.962388467607948,
    13.943805147808218,
    24.162242492344927,
    29.129848756579012,
    41.981965506584466,
    43.37663588500377,
    57.596138955360104,
    45.7298296197325,
    39.16207152395053,
    21.590454992776575,
    13.234235476512564,
    8.817087858468179,
    65.79900336924382,
    46.79900591002998,
    110.89359783415965,
    74.0823388371692,
    112.88986472906281,
    79.5662246975523,
    84.24282111412974,
    76.98083147029025,
    86.78714368407596,
    103.67256542093332,
    121.2289735870419,
    128.22542882495733,
    142.93863929058287,
    141.66552678850377,
    126.47236646706983,
    129.29433947399508,
    95.19101660437883,
    133.27670401870333,
    99.97826255924765,
    125.79350786233023,
    100.24570669808499,
    91.11515035946759,
    76.7293631469657,
    56.18170638802455,
    45.853939291845805,
    59.789919676250754,
    51.331156222183886,
    84.41883517634425,
    80.63292963707823,
    60.811943044161545,
    50.71707462227735,
    34.091676996461615,
    33.293553694188276,
    22.52400005151587,
    24.052764890316467,
    10.505090431980427,
    10.396859477346979,
    9.009883239919473
  ]
}