{
    "date_time_concluded": "01-05-2024T16-26-18",
    "accuracy": 86.2019675894322,
    "smallestDistance": 6.901350438657479,
    "largestDistance": 89.02903419425695,
    "regressionType": "weightedRidge",
    "numCalibrationClicks": 27,
    "targetX": 768,
    "targetY": 371,
    "recorded50X": [
        778.897135317361,
        765.2726522682156,
        765.0979942519193,
        756.3913847460055,
        764.3115558152788,
        766.6916850700898,
        784.0454111382078,
        794.153664478694,
        795.8159904163077,
        796.9514514441819,
        784.6974805118496,
        774.4303140746699,
        765.5728710149214,
        760.8355498664309,
        761.2944524409475,
        760.9710046775813,
        758.6156223554663,
        753.580726094696,
        746.7952021410998,
        741.3181470813728,
        744.0907877857785,
        752.9981271056915,
        756.1512588578557,
        769.136251891886,
        769.2110645202226,
        776.9313755395633,
        777.0459437508409,
        783.6759772119232,
        780.7037667050005,
        774.8574000931685,
        776.7415166962037,
        767.7925962358415,
        773.3015199693737,
        773.6008946064981,
        778.6598556165247,
        782.9234660185919,
        816.2638472210838,
        810.4400230557858,
        810.093016039991,
        817.1536309915966,
        821.3723839302836,
        824.7694682319186,
        819.4426419365209,
        814.6601453417759,
        802.4864019878212,
        792.1122243893342,
        789.4974894546866,
        780.2784918405822,
        785.5923266112113,
        774.1842921945413
    ],
    "recorded50Y": [
        454.7485235232349,
        456.65280171550876,
        454.4202336225272,
        447.37834409827326,
        436.7243272780006,
        424.722419204027,
        416.47618374187255,
        406.8958437371952,
        400.20020072260684,
        395.0112504914572,
        401.21677517854255,
        407.5614587751486,
        418.54776195660315,
        421.01694883046434,
        415.37589816558625,
        411.17691245553505,
        407.7846148402218,
        413.25565822610196,
        424.2080723877807,
        433.55396754136154,
        426.5558592749685,
        423.4577468090756,
        410.48923618263416,
        402.15741862094546,
        396.4247563533827,
        392.1004927833334,
        380.2591943584656,
        373.43459719940705,
        363.6918039054658,
        364.9858693242269,
        355.4604145112004,
        364.1017667801262,
        352.54430782004215,
        352.5007564823918,
        345.3739221738006,
        339.7408499108801,
        441.37573241209975,
        437.94494156412946,
        435.834888512107,
        433.2210239317827,
        436.6322029721829,
        439.5813123688032,
        437.3613289819697,
        435.41080393329645,
        432.0352965434456,
        429.1851505388231,
        431.4160384673071,
        433.8156606387747,
        440.09923348149766,
        440.99834496096844
    ],
    "distance50": [
        84.45450106682712,
        85.69621267807773,
        83.47069554639465,
        77.25549427263738,
        65.82774351783249,
        53.73834769593345,
        48.22383753206162,
        44.413126024512614,
        40.328414859508825,
        37.61285273531276,
        34.5233161448054,
        37.122623922155455,
        47.609669419058214,
        50.52746298821747,
        44.87966918404365,
        40.78714343641035,
        37.96280327792841,
        44.64813671450711,
        57.27776548941246,
        68.0067653277008,
        60.48226127125855,
        54.56071288594083,
        41.22853915604341,
        31.178130211458377,
        25.453583498223104,
        22.9128842516217,
        12.944565597625108,
        15.863906362308596,
        14.65590047220721,
        9.121058262233756,
        17.82954938616564,
        6.901350438657479,
        19.202049052823114,
        19.32852894342629,
        27.754790334635597,
        34.63876877578344,
        85.33547129488173,
        79.26399408306611,
        77.3006129841173,
        79.29397996555304,
        84.59431088071707,
        89.02903419425695,
        83.96529874693655,
        79.5356575797875,
        70.10434612926606,
        62.98341931196741,
        64.12674759363281,
        64.00444190339414,
        71.30353443782475,
        70.27100232117228
    ]
}