{
  "date_time_concluded": "01-05-2024T14-06-35",
  "accuracy": 72.43470259198982,
  "smallestDistance": 53.608281372661395,
  "largestDistance": 148.42462818656773,
  "regressionType": "weightedRidge",
  "numCalibrationClicks": 27,
  "targetX": 768,
  "targetY": 371,
  "recorded50X": [
    876.5235861260247,
    853.9427114489274,
    831.7004348015635,
    817.7119912214497,
    820.5863592165881,
    808.4405471176779,
    820.5931726229957,
    801.2265792580613,
    795.2366546929406,
    781.5575268641744,
    763.3394131925406,
    767.7257403496765,
    746.6534408546695,
    751.7636202468414,
    769.574999216082,
    781.9944973379774,
    825.1515161644431,
    841.5784696519813,
    835.857324567071,
    852.7526672931579,
    842.5165146884731,
    873.1521276531283,
    891.328447687562,
    905.8046243069427,
    916.1901655887505,
    915.6968457295841,
    908.8418625095596,
    912.2111125896167,
    902.5557839572559,
    906.4862158758638,
    908.2305436709677,
    898.95301967521,
    893.4268617828823,
    886.4634676026558,
    889.6521533955472,
    886.4165027491542,
    874.6447547665092,
    865.6158426594336,
    833.5901259069817,
    826.7545947629726,
    826.9007615397516,
    838.2029156669889,
    868.2809648739853,
    891.7742317170912,
    903.4713786533933,
    906.2070309859417,
    881.7855069981422,
    876.0152341790472,
    897.1910129976684,
    880.0054452197046
  ],
  "recorded50Y": [
    382.071255344632,
    351.0482018479071,
    355.82444054364373,
    337.0270762671246,
    329.73230338042254,
    315.2328397069305,
    312.3278260643435,
    300.0775962393824,
    296.5787199785594,
    278.7764474792279,
    297.8354496381413,
    299.61385803733765,
    308.88477014008276,
    317.4937431435501,
    314.0780347294077,
    319.25058574256343,
    325.76753885542007,
    341.58018977694934,
    352.10809243376366,
    363.65898306896554,
    374.3927429742534,
    376.98746520706607,
    378.8602006777144,
    379.79255002017504,
    379.33936898689524,
    364.30325300574657,
    378.83290924883914,
    360.9739137303668,
    374.24167177654874,
    361.8471477606179,
    364.1838325927612,
    370.90998489373584,
    355.28180189737736,
    350.50696921138854,
    334.6964907363479,
    303.93487581058196,
    298.3875967911514,
    301.2480997246543,
    292.4996810408042,
    315.8422605276058,
    322.0159594281224,
    337.1686491397604,
    341.3644551383671,
    350.24116811933027,
    343.1629456213358,
    362.843057686861,
    400.4283157749875,
    380.8708423151737,
    393.91620073510387,
    363.6802892462105
  ],
  "distance50": [
    109.08685273926802,
    88.22824888149745,
    65.48315049477722,
    60.2116402214826,
    66.84570262882667,
    68.88696551837675,
    78.79381829108263,
    78.31981182546531,
    79.24873676527697,
    93.2147529859111,
    73.31283993300778,
    71.38666880215926,
    65.68087520652756,
    55.9154678982227,
    56.94375077914322,
    53.608281372661395,
    72.88533008150912,
    79.24213796893578,
    70.43806264294923,
    85.07000142756813,
    74.59371063438773,
    105.32245577076914,
    123.5786743888995,
    138.08484137020585,
    148.42462818656773,
    147.84858693532922,
    141.05950766418493,
    144.55921762454736,
    134.59482691492494,
    138.78835214718958,
    140.3961022122006,
    130.95305061271122,
    126.4079088043764,
    120.22294900454095,
    126.95350019054149,
    136.0889378527238,
    129.01807942677374,
    119.97574892507681,
    102.29547738384717,
    80.58832812179219,
    76.60767546865017,
    77.92951731645073,
    104.56833858918931,
    125.50294633276978,
    138.3018294554768,
    138.4475320179054,
    117.52943194015974,
    108.4653140075915,
    131.20773641632303,
    112.24436700513478
  ]
}