{
  "date_time_concluded": "01-05-2024T12-04-10",
  "accuracy": 71.31156096400342,
  "smallestDistance": 34.39269587542498,
  "largestDistance": 176.78083898686617,
  "regressionType": "weightedRidge",
  "numCalibrationClicks": 27,
  "targetX": 768,
  "targetY": 371,
  "recorded50X": [
    825.9787250449774,
    815.7310956105413,
    843.4027020391206,
    842.1977598727717,
    854.6525045919676,
    847.7445569826975,
    857.5499419607902,
    850.9704889297414,
    843.6640789713249,
    849.8949351894587,
    837.0225854998192,
    837.3775956591028,
    825.6526110346015,
    817.7642674082549,
    836.6119589473683,
    846.0834176071423,
    861.2093509838189,
    864.4916746837226,
    859.567100031176,
    872.0095955696113,
    884.7353738636168,
    882.6036194357366,
    888.8853415702711,
    903.4764958105636,
    908.4827529884424,
    927.1808410693984,
    932.1892222862654,
    923.958760979066,
    933.116529589819,
    916.9594537070739,
    918.1638876767263,
    905.274175031728,
    909.4410621191739,
    907.003260883936,
    921.8865575627511,
    937.3908054108115,
    935.7503412014294,
    928.5892335363731,
    920.3570242982353,
    904.8397241914718,
    896.638820404648,
    887.0656851298381,
    870.0106182118425,
    848.5328915735516,
    834.8968175164243,
    808.686347994322,
    806.9445075235742,
    806.0051204893075,
    802.3049141153544,
    806.8295883028618
  ],
  "recorded50Y": [
    384.33237669993247,
    378.94595712997494,
    384.6358776168504,
    381.3914553177898,
    378.9571100392052,
    381.8569670596703,
    387.762666838383,
    388.97119349295144,
    388.57574279795483,
    392.1790171162778,
    385.7270378388006,
    382.19641066814154,
    376.69932378049566,
    370.6387090564932,
    385.5149817042677,
    389.2193000887413,
    402.6403030303679,
    394.8242464415257,
    396.22725665045976,
    406.826887283718,
    389.773199613031,
    395.52523296891457,
    403.45816935307374,
    412.03622738354466,
    421.77356419646344,
    429.9820047143147,
    433.46479365410175,
    422.6179773826316,
    425.4916937816223,
    416.31563065263936,
    413.0903883675404,
    407.64050112253756,
    404.5356882374018,
    404.28839780790173,
    411.20850037947525,
    421.57885007764514,
    424.40116896579457,
    422.19791261122566,
    420.80162978755243,
    406.54576087953774,
    396.31756811936566,
    390.5507074283521,
    376.6828218632345,
    375.99888667748644,
    371.7819753094926,
    358.73177694381417,
    366.5686750250404,
    363.38873317013804,
    368.5443133103694,
    376.59138085242193
  ],
  "distance50": [
    59.491888743844676,
    48.387970849107035,
    76.62574393232427,
    74.92189208608599,
    87.01707965817394,
    80.48023423239682,
    91.1053187509682,
    84.89443932791731,
    77.67856577897632,
    84.58919065517313,
    70.57622087208495,
    70.27524735842366,
    57.933633156068986,
    49.7655788856732,
    70.13048983481134,
    80.1808144192549,
    98.43318488537416,
    99.38932539149216,
    94.97867279672609,
    110.00709896635917,
    118.23527618603975,
    117.19844981888917,
    125.16708259088698,
    141.55512309691812,
    149.37656679822342,
    169.7569351858136,
    175.6700064359826,
    164.27888091656612,
    173.87585523866068,
    155.6997920042166,
    155.95125506105697,
    142.07999666790593,
    145.36236252536702,
    142.93363482744255,
    159.05280915871992,
    176.78083898686617,
    176.04505622172215,
    168.55304264102284,
    160.28994098978728,
    141.38108513271263,
    131.10654205865546,
    120.66013234033343,
    102.16878531279279,
    80.68788938379647,
    66.90138772260582,
    42.49574343474176,
    39.19580726668897,
    38.7597802646266,
    34.39269587542498,
    39.23009645166032
  ]
}