{
    "date_time_concluded": "02-05-2024T09-35-05",
    "accuracy": 86.55663614312336,
    "smallestDistance": 23.357494658325294,
    "largestDistance": 98.38915259121521,
    "regressionType": "weightedRidge",
    "numCalibrationClicks": 27,
    "targetX": 768,
    "targetY": 432,
    "recorded50X": [
        794.131617092636,
        788.9505137539459,
        768.7141605180007,
        775.1173334723665,
        765.0715133706964,
        768.8472709833718,
        774.1426062742635,
        778.2321956248927,
        793.3209113103887,
        802.4758882305264,
        819.5298050779804,
        820.1342671853727,
        817.2404307038812,
        814.5833367482023,
        809.497838290687,
        799.9581506522827,
        802.9821502277572,
        791.8710902074947,
        808.5973956657153,
        788.4551615067442,
        786.1268727126019,
        766.1931250653938,
        749.487249678433,
        734.3870396784558,
        722.2922330139984,
        711.4560971595898,
        702.4150092281652,
        710.2495832748427,
        703.9039644296399,
        726.7042458830108,
        723.1124948031338,
        752.9937986959767,
        768.1723718648425,
        790.5932017866428,
        809.1436927832775,
        819.1287959860385,
        832.6340371456101,
        819.670185033045,
        813.5757512354312,
        827.5676366238795,
        833.5683126780079,
        834.537594664452,
        839.8162065568079,
        826.4226774412642,
        819.2352871896642,
        810.0180994781908,
        800.2587965422449,
        800.1344130922755,
        801.4012287008038,
        796.0825243381963
    ],
    "recorded50Y": [
        378.94703842267813,
        384.2267361835096,
        384.2962830860253,
        391.4499857586786,
        392.9536626839956,
        399.19695973487757,
        405.64994898173404,
        401.7112869130458,
        404.81517883736905,
        397.25553957329043,
        397.8709762060546,
        391.5850124743761,
        393.68668783030137,
        389.15548460711636,
        391.1062543743796,
        387.51373520669824,
        388.05735346223275,
        381.829881145833,
        383.5604810744858,
        378.27650500795613,
        377.3111879726392,
        372.75937286015767,
        369.0715423630736,
        367.0837721638993,
        365.652567102263,
        360.8939490736392,
        358.65809974458136,
        356.5173456705017,
        358.50913650130894,
        365.7092056367557,
        380.00983954055647,
        392.342872500348,
        408.6431413787319,
        423.6884979896654,
        435.8785304315634,
        437.88735473795333,
        442.7975090754654,
        433.6497187667734,
        429.20311024603666,
        406.28570481295407,
        413.5575412667246,
        407.47483676182105,
        414.51342918635623,
        411.49222252406037,
        411.7050790349019,
        404.26403022233603,
        395.8141097717378,
        385.0668391618808,
        377.7291085568821,
        375.5309804350561
    ],
    "distance50": [
        59.13948041706942,
        52.16520643335234,
        47.709062374501826,
        41.169893013320234,
        39.15600198862502,
        32.81398053809546,
        27.056548200127818,
        31.970360770093045,
        37.15054577301389,
        48.94654635034973,
        61.80704714271949,
        65.96478630036,
        62.390142693509716,
        63.29028173303908,
        58.26121363388302,
        54.77546118814298,
        56.16677860889407,
        55.559605591972975,
        63.2023379992694,
        57.485889976820836,
        57.614665453362456,
        59.2681761230353,
        65.59506616378337,
        73.10231007325443,
        80.56787086032703,
        90.8475834943779,
        98.38915259121521,
        95.04073724753957,
        97.51517212013782,
        78.10127223932253,
        68.68671565446535,
        42.40134242097208,
        23.357494658325294,
        24.07350893907565,
        41.326098946710246,
        51.466637006826595,
        65.52972577368891,
        51.69651432503499,
        45.66149026225199,
        64.88087784487107,
        68.11261198610417,
        70.91357511499633,
        73.91446193425661,
        61.917511064388414,
        55.10842467705771,
        50.34684402489028,
        48.47729990382917,
        56.88006760757034,
        63.72575410894786,
        63.06645973757687
    ]
}