{
  "date_time_concluded": "05-05-2024T20-06-45",
  "accuracy": 85.3282258712309,
  "smallestDistance": 0.7101823523664408,
  "largestDistance": 121.38280583724307,
  "regressionType": "ridge",
  "numCalibrationClicks": 27,
  "targetX": 768,
  "targetY": 432,
  "recorded50X": [
    780.6874005054227,
    780.7107533685881,
    776.8139285861861,
    776.7485828167278,
    774.3312066716306,
    774.2944343107627,
    764.5956649605539,
    768.9680441735285,
    751.603942004876,
    763.0625779804607,
    762.2949845907519,
    774.331066057813,
    788.1045197508879,
    786.2684351914074,
    784.438628000913,
    778.5181697852005,
    781.2374406569099,
    780.5745877467165,
    786.819849613333,
    778.5532875476823,
    768.1977429519889,
    764.6100292595004,
    752.2970024363209,
    750.0083252012653,
    750.6619000181744,
    753.5369145906241,
    767.9191414197721,
    770.2672082093777,
    775.7216068805926,
    768.4772039428959,
    771.6919406571408,
    768.6365891396019,
    771.8481865472916,
    769.7201840489082,
    769.8061085019808,
    755.8550468359812,
    749.995470375773,
    726.6511355235612,
    716.2525212820491,
    705.9564473083742,
    717.9429624281368,
    717.0063753797076,
    730.5428666562316,
    726.0991104686393,
    720.2132839897316,
    706.4851823613606,
    712.4674038959979,
    767.9388699993153,
    768.8786508176327,
    770.009865988679
  ],
  "recorded50Y": [
    391.3609545807822,
    368.719356950719,
    352.8597839012741,
    339.1895791835374,
    326.81718630931147,
    323.32893625587997,
    314.09352698154817,
    318.98943499560164,
    311.7296593704733,
    329.4163444511045,
    338.80341087807784,
    351.5222317288342,
    378.5887163807655,
    368.8916600127603,
    384.78150011404057,
    368.1983094801707,
    380.16242865321607,
    376.9486319118618,
    392.95867586687655,
    385.4867692030838,
    395.75457127861654,
    375.61707969180003,
    370.843217107722,
    356.3605406039395,
    350.44926219875913,
    347.8638782514007,
    356.7904204142743,
    372.21550787213533,
    376.860323744234,
    395.2171550334719,
    391.6683229368151,
    392.24628800193585,
    385.4698559208128,
    375.884601735847,
    379.1197855465577,
    374.32957064326604,
    384.50906262285577,
    380.408171007958,
    387.540333178405,
    392.66102714195716,
    414.0141665859011,
    416.1234414854706,
    432.82038239775784,
    417.4701217278688,
    407.90860935990713,
    396.30552188051485,
    397.7052808223163,
    431.2924534668101,
    425.0625795807737,
    394.1523943255347
  ],
  "distance50": [
    42.57349109681101,
    64.54458177049096,
    79.6295117483174,
    93.22184246961665,
    105.37318669286317,
    108.85320389667503,
    117.955609772116,
    113.01471104301089,
    121.38280583724307,
    102.70240757632445,
    93.37104168199119,
    80.7264119315101,
    57.06975496940695,
    65.69930212938101,
    49.99815218618336,
    64.66287658941862,
    53.501062029441314,
    56.46922511754126,
    43.340647544032805,
    47.69541400628851,
    36.24596812711657,
    56.48473779794213,
    63.14060679323677,
    77.74977929095175,
    83.37345229092124,
    85.37018110824192,
    75.20962305165213,
    59.827466368310986,
    55.677707481622306,
    36.78594035001358,
    40.50030370929189,
    39.75880862598486,
    46.68900135720057,
    56.14175768095102,
    52.91104902156992,
    58.93537400870765,
    50.78929237496327,
    66.1169071587216,
    68.22362880668265,
    73.46398584425144,
    53.19019847745114,
    53.408003727723866,
    37.46611623335676,
    44.34864040894876,
    53.51602872055805,
    71.12080256392971,
    65.268652456799,
    0.7101823523664408,
    6.992841291808713,
    37.900934244188036
  ]
}