{
    "date_time_concluded": "01-05-2024T16-32-50",
    "accuracy": 90.6081123932302,
    "smallestDistance": 8.809853293624814,
    "largestDistance": 69.32287762801668,
    "regressionType": "weightedRidge",
    "numCalibrationClicks": 28,
    "targetX": 768,
    "targetY": 371,
    "recorded50X": [
        810.776473302788,
        812.2683476108002,
        805.4160998329791,
        804.8144193093476,
        799.5872269664828,
        798.1598441140097,
        793.2452264959633,
        791.788473962797,
        783.7856245143091,
        789.7154835297106,
        785.7447101839657,
        794.9382518190325,
        798.8801018519891,
        800.0063083238938,
        798.4105553068887,
        792.9216218549951,
        788.3493084239509,
        785.7016494086547,
        778.7384883487059,
        779.2554381703795,
        773.4008693552737,
        772.9452290440968,
        778.5869775105673,
        779.1712657901762,
        786.7099432462395,
        787.7023545437685,
        786.5235070494887,
        781.5282003783765,
        777.3755443672067,
        773.8985317132608,
        770.5346810895551,
        771.7577785709158,
        773.772604499946,
        776.2801250228747,
        776.2720998628298,
        776.9493402874928,
        771.138121772728,
        774.4526299403929,
        767.6932412722101,
        773.3670068870906,
        769.566081091315,
        772.5115782785488,
        769.8673221055731,
        770.9145440965365,
        766.7657510522513,
        765.369936803864,
        764.5468754729499,
        765.7892750503777,
        815.2781726566993,
        817.7494994518852
    ],
    "recorded50Y": [
        408.74874707948686,
        408.08409603232593,
        415.72340547885887,
        414.0612660102138,
        428.2975120185562,
        425.85547634399836,
        435.56268195944534,
        429.63597025946285,
        423.76057923985013,
        421.4791151898227,
        414.9181360081425,
        419.15911005812643,
        419.4758578418746,
        416.62939360385946,
        405.85030011095876,
        401.1982990246105,
        388.8415846677437,
        394.1882208443301,
        393.15861383538714,
        402.9087404481626,
        405.1767135971146,
        404.41303268925986,
        400.24010042671324,
        395.7978105909962,
        396.82112597850056,
        402.0289414434495,
        404.07976739773665,
        404.12725406699906,
        395.76220554031283,
        388.62492136943325,
        382.80780016173975,
        379.78604714041177,
        379.2054185502023,
        378.3520978002066,
        378.4099614340379,
        378.0397325285204,
        379.23199288111465,
        381.0743946903567,
        385.5166531330509,
        392.5109946378462,
        388.763265790403,
        394.08790674133456,
        381.5581102370681,
        386.7448233518899,
        384.0604377075458,
        391.85545057426464,
        400.3596813344092,
        407.75753261421187,
        408.13645970235,
        405.2736678916028
    ],
    "distance50": [
        57.05080695568818,
        57.74873833016106,
        58.31078394549227,
        56.65310317614437,
        65.427500265169,
        62.59983611726417,
        69.32287762801668,
        63.27770935919916,
        55.071450525941856,
        54.951827042206,
        47.36747206620422,
        55.18124040519879,
        57.475990499467315,
        55.73549437459116,
        46.25305710866285,
        39.15385676869089,
        27.063194504517494,
        29.172623771480513,
        24.623551716214767,
        33.83567060655726,
        34.60082574292025,
        33.777004659858854,
        31.09770997635571,
        27.197951935057276,
        31.88718430772933,
        36.755652377142944,
        37.912944023127736,
        35.78305698926534,
        26.477682213557895,
        18.585761476222824,
        12.076785701722514,
        9.555915662121114,
        10.032539872674386,
        11.073112139693988,
        11.105636613655141,
        11.386330649267535,
        8.809853293624814,
        11.963689294057321,
        14.51989390809699,
        22.170422937678143,
        17.832168166688994,
        23.52457813139345,
        10.721967339254672,
        16.012308692779868,
        13.118628113400556,
        21.0206339359988,
        29.56205265297675,
        36.8239529204529,
        60.11939993862995,
        60.41272222352681
    ]
}