{
  "date_time_concluded": "01-05-2024T14-10-57",
  "accuracy": 84.11811069720542,
  "smallestDistance": 5.997826036492178,
  "largestDistance": 96.59469629337966,
  "regressionType": "weightedRidge",
  "numCalibrationClicks": 27,
  "targetX": 768,
  "targetY": 371,
  "recorded50X": [
    829.4063899826701,
    827.4673966482062,
    832.1167071426399,
    827.2762343336531,
    822.9704415269284,
    824.2226606695012,
    815.6447504421355,
    816.2385449795123,
    811.1790710691946,
    812.5485846476888,
    812.2648087687385,
    823.7510864377192,
    820.2404480388846,
    831.1262398910683,
    822.0062578628708,
    824.1009894143122,
    821.6540147512635,
    821.0748500622332,
    819.7798556708783,
    817.7579450006945,
    805.4569109496276,
    807.219656858826,
    781.3559812295505,
    783.8929041202342,
    769.2372140542866,
    767.8386446799423,
    769.7745133094909,
    764.7880216065901,
    764.7911619299614,
    769.4451629735885,
    778.50590321049,
    783.4533839396947,
    789.4233630080566,
    787.2705325350776,
    797.8766032230562,
    807.2139960226864,
    823.1559297742131,
    819.5955617206039,
    818.7403618225153,
    834.6276901209781,
    829.8069300120351,
    833.2395147299203,
    818.8630354981403,
    800.8680013081608,
    789.7860826103215,
    782.5455572729472,
    791.2881158443338,
    803.6072434427824,
    815.3499316234406,
    821.6491057194042
  ],
  "recorded50Y": [
    414.9157400213893,
    425.4760435552405,
    421.4594374224707,
    432.37952403721084,
    435.175522991708,
    443.08199048788174,
    447.74970368907043,
    454.68738333984294,
    454.77335240577156,
    454.08866175165804,
    449.681799219198,
    449.3838591755605,
    448.25656867741554,
    441.8823727736629,
    438.5536944354234,
    426.1645596794191,
    414.113394488359,
    408.833005568839,
    400.9678694172686,
    393.5487860730367,
    385.00434575628424,
    375.55157896549724,
    371.14469551878346,
    375.93543521598133,
    376.8688345135895,
    381.67112635357705,
    384.7016350334832,
    386.2168544939366,
    384.91566116431125,
    389.2841262479295,
    391.80367075715395,
    392.92190856126524,
    400.2619502471225,
    406.33232874362125,
    416.96292502957317,
    424.9787011542968,
    434.16074082425246,
    436.011653740483,
    423.95446650261806,
    403.8450366378522,
    418.1210455364943,
    414.7080871262742,
    411.4547810231164,
    403.586525056304,
    390.43049095890746,
    392.0270630928904,
    391.7173480925161,
    403.06334654737975,
    410.1555890182144,
    415.63483304216055
  ],
  "distance50": [
    75.49395308453535,
    80.64744624318581,
    81.5910960816638,
    85.32946693735228,
    84.49998339008536,
    91.4155398466418,
    90.33570313587805,
    96.59469629337966,
    94.24652116497536,
    94.2777922195558,
    90.27845160226872,
    96.18842455430972,
    93.26114847626326,
    94.91697915973309,
    86.4880195184596,
    78.67941063511441,
    68.82963085210952,
    65.17880038402313,
    59.82663830358055,
    54.62875473649119,
    39.98927203575842,
    39.48288686511181,
    13.356765004942655,
    16.64160215081789,
    5.997826036492178,
    10.672346189724058,
    13.816066736822576,
    15.552153094969524,
    14.28083566881327,
    18.341149600569107,
    23.3059374246188,
    26.821207097296895,
    36.265992539017084,
    40.24583057451799,
    54.8197217926368,
    66.71909518550252,
    83.85377612681681,
    82.99769340973941,
    73.3400289095707,
    74.28354812876759,
    77.7205862687935,
    78.527645848029,
    64.98951982984167,
    46.283767405413236,
    29.19207725407593,
    25.567765226804262,
    31.1696142351103,
    47.91590526548508,
    61.44246232132804,
    69.78893082139432
  ]
}