{
    "date_time_concluded": "01-05-2024T11-56-04",
    "accuracy": 68.47528076794782,
    "smallestDistance": 14.658461505017753,
    "largestDistance": 247.28766459948994,
    "regressionType": "weightedRidge",
    "numCalibrationClicks": 27,
    "targetX": 768,
    "targetY": 371,
    "recorded50X": [
        768.8216335755254,
        753.5093193224623,
        730.1338113306768,
        720.1092019332303,
        713.2195697383612,
        691.742603920907,
        674.3194526970183,
        646.0340268344754,
        621.978901430435,
        610.9625374803879,
        597.8499089153001,
        586.2795053652133,
        573.2410646757473,
        571.5960847048343,
        559.3329886195104,
        577.6166863212413,
        561.2796319945746,
        569.3052991717867,
        563.9035471188438,
        554.1296371196008,
        559.206080526518,
        557.7302693703659,
        552.8402999667312,
        547.8684121969313,
        535.3757281188326,
        543.0632859922898,
        531.2671940112507,
        769.0735082968149,
        773.1336929776062,
        784.0528710758383,
        793.2932603896355,
        798.7231594243017,
        812.5852941739531,
        817.2318509190825,
        828.5366655762208,
        834.3944892148386,
        835.654043062133,
        824.50700355198,
        818.3402955164073,
        808.4449566261915,
        803.3868976582949,
        807.4775301579177,
        810.5298391057345,
        800.968514557145,
        808.2430192052803,
        799.7676152749092,
        796.7362675030295,
        795.4685423676851,
        787.7487900037655,
        784.0941865443133
    ],
    "recorded50Y": [
        404.39822941841305,
        373.2114852917715,
        410.3578605928559,
        378.8925453514155,
        378.53417344372565,
        383.0425114615292,
        335.8713463389441,
        364.62976327416345,
        341.0430631900609,
        368.36853961737995,
        341.5574696097491,
        367.6086312058292,
        332.8957952838798,
        335.7709650549556,
        314.90593168702924,
        323.70439375374036,
        306.0447254805798,
        320.4596298614651,
        314.0739767042035,
        333.88381654078273,
        309.4037437371327,
        361.51050840364394,
        329.29361407200554,
        362.76990836372045,
        321.58801543817344,
        346.5667796783275,
        299.52435637391574,
        406.6741613924596,
        430.00686534488557,
        426.07457473998375,
        434.09783135217333,
        425.78837577317995,
        428.44638937453817,
        431.9453235903969,
        429.95419105159965,
        441.9492122430456,
        417.4557906512713,
        423.64157155982934,
        400.4750936549523,
        410.45107745149426,
        419.14162501575953,
        413.15105188519,
        418.7079895438169,
        425.01463025029125,
        413.2602087854171,
        413.9155382439465,
        432.0056736630563,
        408.22232801623,
        415.1319052013,
        399.8879606678121
    ],
    "distance50": [
        33.40833443943864,
        14.658461505017753,
        54.61583501867802,
        48.5367985305609,
        55.296105732053256,
        77.20241278007273,
        100.05032359280311,
        122.13221739638014,
        149.0623335739022,
        157.05950852573002,
        172.67864978598976,
        181.75213768374124,
        198.45143815473958,
        199.53842448618707,
        216.0751400285688,
        196.17002955983327,
        216.6852515428582,
        205.02173824000542,
        211.88660695509657,
        217.06713982814603,
        217.69014583737984,
        210.48375250792205,
        219.16459373169977,
        220.2853838933525,
        237.81420497224607,
        226.25982313233118,
        247.28766459948994,
        35.69030976495702,
        59.2297641512929,
        57.36639654508153,
        67.97856531646731,
        62.8146371865207,
        72.7181965449432,
        78.34607592251801,
        84.50020426978688,
        97.17005153856846,
        82.06832536178435,
        77.22808107619996,
        58.33460806971644,
        56.49939847979187,
        59.74820988980873,
        57.7510741233207,
        63.91274896820355,
        63.281144373188766,
        58.356026606886175,
        53.3940521315088,
        67.4348966714489,
        46.26037746012384,
        48.34914439066487,
        33.06867266867862
    ]
}