{
  "date_time_concluded": "05-05-2024T20-09-37",
  "accuracy": 67.10780736941882,
  "smallestDistance": 30.642746546318996,
  "largestDistance": 288.24396602653206,
  "regressionType": "ridge",
  "numCalibrationClicks": 33,
  "targetX": 768,
  "targetY": 432,
  "recorded50X": [
    882.3109295780148,
    908.2330799919541,
    944.0200083864022,
    971.6321308789297,
    997.4523747307057,
    1018.8520192491455,
    1000.0175535990928,
    991.729597675055,
    981.5662457697604,
    967.5858978832214,
    981.8727822259982,
    992.1671019722894,
    989.7472273259175,
    975.4044708614673,
    979.4812734853226,
    957.2826947121166,
    966.7675862348547,
    959.3756989426014,
    954.3402746350566,
    940.0572003326611,
    921.5203422741699,
    917.77686148002,
    917.3139702557085,
    913.9813446536864,
    923.1763751138063,
    932.6614818327297,
    943.0792107740369,
    943.3588629121557,
    829.9788365606178,
    827.4383008770036,
    823.8567957237541,
    819.8708102527974,
    808.4158444970108,
    798.1193353925959,
    771.2887694038695,
    760.456683880307,
    748.2464328497905,
    750.4292792068279,
    741.6811304585847,
    726.7769855895478,
    711.2901301244196,
    703.5851571186364,
    704.3453357297258,
    730.7477132666825,
    753.2814655028798,
    771.0509023850623,
    805.4298907904299,
    820.4221381194028,
    837.925350940038,
    868.4530765701337
  ],
  "recorded50Y": [
    323.38267887656355,
    315.5169649686343,
    310.7838197067774,
    313.5316127538152,
    308.6939101301388,
    290.02166225324765,
    312.425976118658,
    307.1410956638669,
    324.9096255045954,
    339.00937581172127,
    335.09794312506074,
    341.4067806778811,
    337.3911494047348,
    331.96461193289895,
    352.26103993505274,
    356.1856894208535,
    389.68582659780395,
    419.6512716967783,
    440.46983305743817,
    467.5306576649591,
    477.8784593431013,
    479.9237030833653,
    457.97326026397104,
    439.7763650411155,
    430.7146419694008,
    422.2561676681262,
    440.4297619922868,
    446.99204274298876,
    460.0464916085316,
    462.0368386828567,
    471.7932935850174,
    479.12331834057795,
    481.09988049423123,
    481.8219502651742,
    470.85845886964603,
    463.9488843619289,
    458.68784576503924,
    457.10473434853145,
    454.9802485698382,
    453.3572401636734,
    441.34676971082774,
    430.3531201457888,
    412.44432000472,
    399.150512129518,
    392.6457718813655,
    384.9785424469999,
    371.08646036030484,
    354.53795634218943,
    344.75055848819477,
    317.4333274447042
  ],
  "distance50": [
    157.6854814782311,
    182.30088912056402,
    213.72039143990952,
    235.58608512177787,
    260.48566960305993,
    288.24396602653206,
    261.0174177431147,
    256.2121754871567,
    238.91188677367163,
    220.18580067928397,
    234.80114055021798,
    241.7809359602207,
    241.08643146740826,
    230.26874168905502,
    226.01466940712737,
    203.90131977520798,
    203.22165880717907,
    191.77369276435178,
    186.5326674421647,
    175.68752892683642,
    160.22898777585436,
    157.25708108707744,
    151.5561676813668,
    146.1883197801762,
    155.18169846579062,
    164.94952521259964,
    175.28203254328795,
    175.99855723116545,
    68.02927217716798,
    66.59672130972487,
    68.58197899498512,
    70.0798693471182,
    63.59432955031717,
    58.21856312824263,
    38.997382346970426,
    32.827318350019475,
    33.20308007905832,
    30.642746546318996,
    34.93958669288446,
    46.427024721525825,
    57.47496363924472,
    64.43589214626398,
    66.59084699445653,
    49.66710903821813,
    42.01655065038589,
    47.12032975024444,
    71.49444758874792,
    93.53314264288511,
    111.81243109873516,
    152.36910137162818
  ]
}