{
    "date_time_concluded": "05-05-2024T19-46-31",
    "accuracy": 54.053704811973404,
    "smallestDistance": 124.9179069345597,
    "largestDistance": 253.78596469664623,
    "regressionType": "ridge",
    "numCalibrationClicks": 24,
    "targetX": 768,
    "targetY": 432,
    "recorded50X": [
        584.3372803969187,
        609.7427587061462,
        603.4013862200836,
        630.293812432812,
        621.6894904680428,
        630.9943260213462,
        615.0299356034732,
        614.0975591396277,
        578.3657788045928,
        636.8186503390764,
        614.744017321384,
        629.9292497823488,
        605.7612490433336,
        620.7605495418959,
        641.3559064795943,
        653.0677379878884,
        664.9985082275819,
        663.2341202952501,
        639.8900992384814,
        645.5709370313486,
        643.4208855667786,
        648.9193830714801,
        648.544219704585,
        647.805601222915,
        609.4922742124287,
        621.0591610430083,
        609.6049467647961,
        629.5978388506276,
        630.0172095273294,
        647.4176238136467,
        635.1403121453159,
        603.7495667503113,
        614.4642422299628,
        584.5595560739935,
        613.4344761954978,
        624.8266693597377,
        626.3868743882317,
        623.4348592490021,
        611.3999281406261,
        606.6279147449866,
        600.6492829004206,
        600.6354742363333,
        615.7047044864986,
        606.7788126197636,
        618.6461688436405,
        623.3520890419134,
        608.7966417075487,
        625.699712908393,
        586.2567175079628,
        612.4647237076567
    ],
    "recorded50Y": [
        293.0274543426264,
        268.4110390419322,
        274.74970042912025,
        267.41520856302685,
        282.601198704089,
        264.43468744207536,
        277.30236262690437,
        240.84044165366146,
        268.0599883156136,
        355.9866843604317,
        329.8875011992938,
        314.5277980439091,
        320.10912578456794,
        314.73141420962463,
        339.5819310788015,
        309.61123536867575,
        329.70753863205107,
        314.5390635492854,
        330.13531536979457,
        344.6847844603035,
        375.9914105639024,
        369.3691451228295,
        395.4650848238996,
        379.2116664956138,
        375.42199206483576,
        360.0094254417371,
        361.95184346700853,
        351.2253609120528,
        330.36244284214183,
        306.18291400421896,
        286.9815052021743,
        252.98728374709486,
        264.72835028398435,
        256.623492424906,
        271.9339218606127,
        277.03618753141905,
        272.00538012673485,
        271.79669223363385,
        263.1483142965345,
        246.74091629990892,
        253.92726281881565,
        248.27005891590534,
        268.24500229362985,
        267.245427099039,
        277.18889150242126,
        265.42759917528196,
        272.07111366976176,
        284.891755433629,
        294.9829872940799,
        301.62427732699575
    ],
    "distance50": [
        230.31578977241412,
        227.6108577578875,
        227.64085831282904,
        214.59531138084424,
        209.10946183316537,
        216.44557901463398,
        217.55734786555786,
        245.41380981914526,
        250.67402194775863,
        151.61322717158336,
        184.1585149758557,
        181.28223933435294,
        197.08115091168122,
        188.2322421491045,
        156.77954549853962,
        167.89411710718855,
        145.16561218159364,
        157.39428560843285,
        163.67211322622236,
        150.37560415215515,
        136.59032851409,
        134.54671051617018,
        124.9179069345597,
        131.2756704479365,
        168.30261470416733,
        163.62839905900617,
        173.19277445394067,
        160.24887060633213,
        171.37515424250327,
        174.270044973934,
        196.67755461737647,
        242.94805494787067,
        227.0529315220065,
        253.78596469664623,
        222.51213566878673,
        210.97958617227258,
        213.6645869907437,
        215.78734842349044,
        230.29214982552696,
        245.6865441837397,
        244.36890604359343,
        248.53083457563562,
        223.62816528639235,
        230.5132112310949,
        215.111706318674,
        220.61138425078857,
        225.66115743393874,
        204.67097333464994,
        227.60554145678157,
        202.95085916015154
    ]
}