{
  "date_time_concluded": "01-05-2024T12-11-52",
  "accuracy": 79.12648849357635,
  "smallestDistance": 24.766881200406228,
  "largestDistance": 158.43958455990247,
  "regressionType": "weightedRidge",
  "numCalibrationClicks": 28,
  "targetX": 768,
  "targetY": 371,
  "recorded50X": [
    751.0142976342456,
    742.3290014548902,
    742.2054566587664,
    749.1962776509113,
    757.4619494870308,
    758.0014908952867,
    762.6666507407355,
    759.9652342464499,
    764.7931893986288,
    767.3106111057209,
    777.861122478623,
    771.1333472248937,
    776.5157599559277,
    773.2434968848827,
    777.9840859270446,
    788.0512889838711,
    790.4130955417443,
    796.9426886850863,
    796.5546163756296,
    776.7437678578301,
    772.4161658804096,
    735.6999887317019,
    732.8886120584209,
    716.5769293846838,
    711.1029627022401,
    716.5866858391839,
    718.2635014437437,
    720.2836716933951,
    709.7835326087197,
    717.5855587506464,
    707.3047352649202,
    723.0601797502015,
    746.0298773465857,
    724.8127142872305,
    750.8236397263342,
    727.878304742658,
    724.3682368036216,
    713.2206193482906,
    680.1859091580436,
    645.3346309204474,
    650.021000770709,
    614.1922509253068,
    651.4811486165995,
    629.284079207287,
    645.7013034743172,
    761.4375568041781,
    765.549503098795,
    760.8302043263982,
    763.0158096300555,
    765.4969463420473
  ],
  "recorded50Y": [
    414.6546227494176,
    412.14345523764894,
    438.61796873082835,
    454.07656936547573,
    467.06779784925317,
    450.30071820613773,
    446.8618744507616,
    431.7383692769289,
    444.3620312922151,
    453.78556336987657,
    472.3142896003623,
    475.94727435707387,
    476.2086594469081,
    464.6040768063025,
    458.3058591872401,
    465.16437132582286,
    452.9866345952183,
    462.9964932746464,
    453.2349752383159,
    435.64975172640015,
    441.43510505417623,
    408.22589281791056,
    414.73980623317345,
    395.0948632158855,
    390.15758604789835,
    394.706919052815,
    401.26876627762033,
    416.1584693858034,
    413.85516093549234,
    424.7670430835043,
    411.7426986768707,
    414.8161291075038,
    436.9159889705173,
    419.7643845209347,
    453.1405824054182,
    434.93380806326905,
    435.2567769643058,
    412.98852779336084,
    391.8195002249481,
    352.3544461701948,
    368.06090462223267,
    332.97003444531276,
    380.27839227730226,
    346.7090919447541,
    367.8564190243303,
    395.9753201861506,
    395.6453539096565,
    403.49754432538873,
    410.82880697840676,
    405.2630437781082
  ],
  "distance50": [
    46.842717387572264,
    48.49519641361865,
    72.37090687193343,
    85.1780273997838,
    96.64404944029852,
    79.92855617566414,
    76.0491197155129,
    61.267503320561396,
    73.43208610378035,
    82.78843373029474,
    101.79305975244327,
    104.99403916323384,
    105.55273653602006,
    93.75082641951457,
    87.87488276077988,
    96.27555773456814,
    84.99502987830053,
    96.44186851753695,
    87.05146333523521,
    65.2383619861566,
    70.57341245168847,
    49.285472748293195,
    56.08903825614792,
    56.78815567440121,
    60.035705679581284,
    56.61578299357427,
    58.222998038624624,
    65.69730089076904,
    72.28915474901437,
    73.7055683678508,
    73.10186493336342,
    62.764963268129435,
    69.48096063935373,
    65.13913451176612,
    83.91723678811199,
    75.48034342657662,
    77.67022689206838,
    69.02041010337965,
    90.24835810149669,
    124.07437063730379,
    118.01560295479861,
    158.43958455990247,
    116.88768665243774,
    140.8266838902295,
    122.33909135362926,
    25.823095846531082,
    24.766881200406228,
    33.279067853258816,
    40.13945713343705,
    34.35435120265192
  ]
}