{
  "date_time_concluded": "03-05-2024T19-51-41",
  "accuracy": 79.17076353818456,
  "smallestDistance": 66.32034382210269,
  "largestDistance": 119.1829901904418,
  "regressionType": "weightedRidge",
  "numCalibrationClicks": 36,
  "targetX": 768,
  "targetY": 432,
  "recorded50X": [
    714.7743422229346,
    710.1011025098771,
    721.5141449072031,
    698.269895605802,
    711.1907434171617,
    687.0934622299977,
    699.1892552208869,
    678.9917164831994,
    697.031702168726,
    683.3817420479921,
    706.9337557632414,
    700.5609722425281,
    708.6113589423819,
    693.0644692552482,
    702.209952355078,
    691.1475124801102,
    713.5060595464593,
    716.1792045075975,
    731.0296604302996,
    723.6388167767536,
    725.3948797216515,
    728.5791827013267,
    725.0063057518284,
    742.5017831646401,
    731.552464440751,
    745.095850602723,
    715.589162459746,
    726.1031163937947,
    693.9868175577924,
    705.5166621005496,
    679.5823799492248,
    686.3052761543461,
    684.1573841913844,
    704.6177399868556,
    709.0654250031216,
    740.846586530776,
    719.8878260072418,
    733.1351970675408,
    712.6996985289902,
    718.786291925582,
    701.362392962835,
    705.5889784100623,
    693.3230497087804,
    698.7295919743925,
    700.5026636180596,
    719.85462155595,
    702.1401684377629,
    697.7820960087115,
    709.1882389693099,
    706.2315026611413
  ],
  "recorded50Y": [
    488.02450653378514,
    489.57523293136677,
    489.08319256278185,
    500.30401234955104,
    507.35786054046855,
    515.5212003957279,
    516.815877737218,
    511.25976669236286,
    497.29764394456686,
    480.65390537707214,
    466.5766773275286,
    461.36446058987246,
    461.5191009011337,
    459.308385264322,
    475.8102951418007,
    480.05250096881025,
    494.33711549332486,
    503.8575897278322,
    499.0106968029497,
    511.2708683210328,
    505.3646805862939,
    517.8678259012589,
    517.5223855020823,
    514.9786011846061,
    513.6450776160469,
    503.2289273152121,
    507.9229942422103,
    496.48473973985136,
    498.47094371040015,
    489.4335085518302,
    505.78063370584255,
    502.62514446762646,
    507.18294531047405,
    506.97925399418625,
    498.0738235415482,
    503.25075241515026,
    507.34397953872383,
    510.28459731403717,
    508.3834277464078,
    500.3661471143914,
    500.02465261139037,
    490.7816297479099,
    497.9137984395416,
    496.0798342098086,
    502.43578010903457,
    493.6593253360009,
    505.7924225367956,
    491.1992239079314,
    486.6074296942709,
    488.8286944843479
  ],
  "distance50": [
    77.27687867761881,
    81.65286141754554,
    73.61674807316705,
    97.61006895742553,
    94.37212924763045,
    116.28266753679216,
    109.21836710641185,
    119.1829901904418,
    96.4379676360915,
    97.60866809496804,
    70.17572799904171,
    73.55470080564011,
    66.32034382210269,
    79.75638954806239,
    79.04221865264655,
    90.638555192326,
    82.79798013346803,
    88.5940632715243,
    76.53260412344409,
    90.83933697103343,
    84.83850913035586,
    94.48430748809189,
    95.72113751451161,
    86.80787588886703,
    89.41108179232062,
    74.82085368457483,
    92.25614855592872,
    76.90013338888483,
    99.4803374188824,
    84.86916648365319,
    115.15753316860759,
    107.99045761219259,
    112.61465042874686,
    98.17942459547491,
    88.53832101108725,
    76.24944316357777,
    89.39517066956736,
    85.69733169790159,
    94.30032543462013,
    84.23727876481202,
    95.22564798697861,
    85.73456485992122,
    99.60560089435631,
    94.36426537832371,
    97.55557153861118,
    78.22946929649721,
    98.90823543697067,
    91.84281219687911,
    80.25456132423714,
    83.93359148931937
  ]
}