{
  "date_time_concluded": "08-05-2024T19-36-25",
  "accuracy": 55.75596645240115,
  "smallestDistance": 156.587947171475,
  "largestDistance": 220.90661821808052,
  "regressionType": "ridge",
  "numCalibrationClicks": 32,
  "targetX": 768,
  "targetY": 432,
  "recorded50X": [
    585.3289011080265,
    574.3343800445043,
    566.7044243214154,
    551.8913059252636,
    565.3404088710882,
    564.7937268622055,
    588.9370278520897,
    590.7215768217578,
    592.0302803055506,
    580.5038048678349,
    569.0682196798323,
    565.2633236497269,
    560.5444449717713,
    570.5220662946208,
    573.4055408602446,
    581.8232553438054,
    583.3689155226982,
    572.7771736265934,
    581.8286767536492,
    559.3586444464167,
    580.4652957576388,
    614.9400368664521,
    591.3022624171242,
    583.1277879022925,
    575.109070241904,
    573.4161071602437,
    568.366308038019,
    574.2559390721901,
    573.6005999735588,
    575.9558939527366,
    574.6664549396698,
    587.9798440327778,
    583.0646623290629,
    591.179628765279,
    581.6656392041658,
    578.8709921872739,
    576.5949083325218,
    578.4560449195667,
    579.0107451417459,
    582.8499534770485,
    589.7190090665492,
    583.9075922414575,
    590.1022284823393,
    580.4466868944633,
    586.2645999146124,
    592.9837613747792,
    606.2484498707827,
    606.5174543289422,
    606.398295404694,
    595.004777271286
  ],
  "recorded50Y": [
    471.96736599652365,
    475.2254888755092,
    480.639645337393,
    477.79046099201,
    478.07101045489674,
    473.38589249626574,
    471.4427926093207,
    474.68607392616934,
    477.41001066049864,
    481.2129292837084,
    480.92670652966365,
    483.92257834852177,
    472.8566735649211,
    471.9226818217593,
    453.7719456620117,
    439.70774547159783,
    420.7791299416522,
    412.8181247080311,
    400.02414587231215,
    411.66689649026335,
    414.21107884537196,
    465.05197248173874,
    467.50111787423873,
    463.4162572759711,
    476.63909258116075,
    473.11416831011377,
    488.88795429480285,
    497.99492066559986,
    500.26883713278426,
    503.7017367590614,
    498.8601862592993,
    490.39442734850047,
    481.2187128803717,
    467.4372809962382,
    454.0976478478485,
    451.17000199342567,
    449.1603937914733,
    462.4340140635029,
    465.76334159971674,
    467.81004866017224,
    457.697485799864,
    450.81531202438583,
    440.82871967071264,
    442.4252982403988,
    445.0976954017108,
    448.4662783340281,
    453.250271255129,
    458.7546451873022,
    463.4622351075861,
    467.0024136840275
  ],
  "distance50": [
    186.99230121879685,
    198.43088278106626,
    207.08868604131936,
    220.90661821808052,
    207.83033436164436,
    207.37787138521892,
    183.35561590326373,
    182.34511299125705,
    181.7344527532677,
    193.8471965175721,
    204.8601372478094,
    209.27998967869283,
    211.44047646290656,
    201.4729630108903,
    195.80863399197574,
    186.3362272641389,
    184.97174184218213,
    196.1629329841342,
    188.89737120058712,
    209.62979355419498,
    188.37651395838984,
    156.587947171475,
    180.22879857899355,
    187.52257471336546,
    197.98878596883253,
    198.88002963723167,
    207.58094881327304,
    204.67557425950397,
    206.03825094895103,
    204.99287236818333,
    204.5681894924597,
    189.25423561923867,
    191.3728319722107,
    180.33647597752073,
    187.64008114899022,
    190.09805515221385,
    192.17280825162072,
    191.97171697818095,
    191.98151392219322,
    188.58128038725104,
    180.12349237300327,
    185.05142680053157,
    178.11671286539573,
    187.84283883146773,
    182.20676515714746,
    175.78914103178818,
    163.14146621144872,
    163.68391367359132,
    164.635910924906,
    176.50075368299468
  ]
}