{
  "date_time_concluded": "01-05-2024T16-43-38",
  "accuracy": 85.22747941566404,
  "smallestDistance": 8.50313901935312,
  "largestDistance": 95.41892161361234,
  "regressionType": "weightedRidge",
  "numCalibrationClicks": 28,
  "targetX": 768,
  "targetY": 371,
  "recorded50X": [
    837.8063648620847,
    828.9392532910688,
    806.6288944131188,
    785.3596549883564,
    767.9625809381666,
    751.5360954943653,
    743.317983232982,
    735.1522071699865,
    733.8167109848589,
    736.438256547561,
    735.8811319838546,
    741.0814674824873,
    740.3485243783718,
    740.54288768281,
    750.7648925581858,
    761.3378188873332,
    777.7465633033871,
    798.5305473141937,
    812.6947307650055,
    829.8334183446242,
    843.2102015675164,
    853.6126446877945,
    852.6390922906088,
    850.7456506551664,
    848.9024385203503,
    841.1178734324958,
    840.3317476577839,
    837.7318990388288,
    831.5644561248582,
    830.0427901975961,
    822.3984541446432,
    815.8671194580729,
    807.668214501538,
    800.8951144243583,
    800.2850277786763,
    800.1403863971684,
    805.3179061937652,
    838.9456033114844,
    833.0855477575743,
    827.8244517783706,
    821.2511177456748,
    815.6352146984358,
    818.1462116392045,
    819.141369548779,
    822.4439863599105,
    826.1055861362654,
    829.6134025049123,
    834.6293303143104,
    841.7929679851153,
    846.7881703516109
  ],
  "recorded50Y": [
    359.95982732241885,
    353.75443037485377,
    346.93090549779214,
    344.5454281366897,
    339.11046931483236,
    338.04026624020315,
    336.6933347364219,
    341.63956347249587,
    344.33751179924354,
    349.19869284046456,
    355.9716460813779,
    358.264200059211,
    362.66260858692635,
    367.52909083804855,
    370.7834828668108,
    376.28381642418356,
    382.76401290399235,
    388.85008196790653,
    397.55253708884356,
    403.7251168219817,
    409.1059128093174,
    413.1336643489045,
    412.73128538289427,
    411.85037087042633,
    406.4634564522911,
    405.5736337309098,
    401.1942728696936,
    400.0475860315504,
    399.7861445830649,
    398.21370628233166,
    393.18201017181815,
    388.90516284363457,
    385.09337932097526,
    381.9981066865703,
    380.8631230852509,
    380.1098861026406,
    376.7893447771077,
    359.5504627155523,
    354.5632632697698,
    350.46268936503145,
    343.5150363567912,
    337.8501230798281,
    338.8529971094484,
    337.3266899412191,
    341.0367025284702,
    345.12215010503496,
    349.8145246389541,
    357.28307432859503,
    362.1784906471223,
    361.2289193584988
  ],
  "distance50": [
    70.67399796254139,
    63.3324740032221,
    45.51387473876614,
    31.641776084566068,
    31.889552638857086,
    36.84296677912013,
    42.262858791077484,
    44.05692598092935,
    43.35188029311005,
    38.359361877147926,
    35.46086722207918,
    29.779321567627957,
    28.881069918344267,
    27.67562514577229,
    17.23646739328693,
    8.50313901935312,
    15.277025097584641,
    35.365799094113505,
    51.98707708662549,
    69.95930885303012,
    84.31272152443984,
    95.41892161361234,
    94.3677705760116,
    92.2799843010293,
    88.33380611115207,
    80.87990828784106,
    78.38096601445305,
    75.5400555852439,
    69.77880912143847,
    67.74875367948805,
    58.7471989850537,
    51.106320369113796,
    42.097394009901926,
    34.684966537115315,
    33.75802446329923,
    33.40650329744753,
    37.76430372236307,
    71.86355497231172,
    67.1289419046836,
    63.25145183076659,
    59.92582721692071,
    58.034713914937306,
    59.56569765065309,
    61.2317849620569,
    62.14456409152374,
    63.60756445129227,
    65.15393874897984,
    68.02662499351511,
    74.31837694214776,
    79.39174896837316
  ]
}