{
  "date_time_concluded": "05-05-2024T20-17-58",
  "accuracy": 29.625266494169992,
  "smallestDistance": 166.60420353983884,
  "largestDistance": 459.1586337262826,
  "regressionType": "ridge",
  "numCalibrationClicks": 27,
  "targetX": 768,
  "targetY": 432,
  "recorded50X": [
    909.7427363548454,
    927.6910582275887,
    924.4061463431716,
    915.4456514604658,
    921.4593066298762,
    947.7899564405064,
    973.84238761096,
    994.0882577621594,
    1016.72801872382,
    1020.3619668424628,
    1020.1638085974521,
    1021.8000978753594,
    1008.6730588862611,
    1013.0736623797959,
    1010.8629697405966,
    1012.0562133843674,
    1016.9045660656972,
    1008.5354616824545,
    987.0649217819441,
    967.3462399939533,
    927.7809621881288,
    904.6213752901854,
    880.8174949960207,
    867.6812211924848,
    847.324357230767,
    837.9616507340941,
    819.0825610867471,
    801.8383631562963,
    794.7054300490317,
    780.2465120619746,
    777.2235858887072,
    773.7252075640449,
    776.7045659854009,
    777.3208359240089,
    781.3195951093312,
    793.1372545650535,
    806.304727426946,
    820.4542411634814,
    830.060645096557,
    839.8742288074892,
    849.860119618728,
    861.9685079029849,
    880.0967870345607,
    892.2266626426299,
    904.8089786580081,
    909.9813099570679,
    923.5720120246136,
    915.9875073030621,
    923.293528409373,
    914.7526381918784
  ],
  "recorded50Y": [
    864,
    500.684913769381,
    517.785485901469,
    540.7556129504053,
    538.6119245862701,
    570.3000104252374,
    556.9953109671842,
    554.3835325210916,
    542.8556967030031,
    547.782880626036,
    560.9024769585678,
    596.8631867260941,
    623.1060321594334,
    622.9843581862888,
    592.6743319695181,
    552.8443514967237,
    500.7410302686823,
    472.4277587626432,
    454.82018227342434,
    474.34985203234464,
    479.1911512826272,
    531.3031906721677,
    561.7261861414373,
    599.6693346481673,
    633.0543074887889,
    657.4481645445096,
    677.8779216484049,
    697.5176849316465,
    722.5607160807833,
    738.4053581497058,
    746.6886389505964,
    758.1386899609895,
    766.0315974289867,
    765.0966930850875,
    779.6908187283918,
    777.5179596348108,
    786.5694468166969,
    792.4561354186139,
    818.4441467810066,
    819.5843574091925,
    843.6854107032832,
    842.8639921792644,
    861.0605043027047,
    864,
    864,
    864,
    864,
    864,
    864,
    864
  ],
  "distance50": [
    454.6592166770176,
    173.83570248183892,
    178.38730954098932,
    183.21572935427656,
    186.8578637770188,
    226.82883705671102,
    240.8213368893292,
    257.0868128284096,
    272.3134458483186,
    277.6548896645964,
    283.2003441601485,
    302.64560135416633,
    307.31911232689725,
    310.7026312474274,
    291.2020999667977,
    272.33580847949395,
    258.22240849847424,
    243.90922902867374,
    220.25031367587562,
    203.79507689561177,
    166.60420353983884,
    168.8979687973025,
    171.92053556216027,
    195.06243010837372,
    216.13696631967153,
    236.0540350638549,
    251.12821506417873,
    267.66523089964164,
    291.7853829846199,
    306.64999683765456,
    314.823782489864,
    326.1889377203369,
    334.144994800094,
    333.2270771209076,
    347.94585360641383,
    346.43115044301527,
    356.6325065934835,
    364.2527597382878,
    391.39571056809115,
    394.19226130781414,
    419.7451090482454,
    421.47277557037535,
    443.4620682944178,
    449.5066892842928,
    453.1453372169323,
    454.7336499283124,
    459.1586337262826,
    456.64461271077516,
    459.06435275006135,
    456.2459170406639
  ]
}