{
    "date_time_concluded": "08-05-2024T17-46-52",
    "accuracy": 88.57924369397871,
    "smallestDistance": 31.236805262650257,
    "largestDistance": 73.9139936849612,
    "regressionType": "ridge",
    "numCalibrationClicks": 27,
    "targetX": 768,
    "targetY": 432,
    "recorded50X": [
        756.8757947136221,
        760.0154111242491,
        768.2290270090351,
        771.2138062161223,
        776.3709162697621,
        775.321266699793,
        775.83438446155,
        775.0816338192155,
        775.8630748888977,
        782.6752571438419,
        783.3469310189378,
        792.426399827313,
        792.4341294736901,
        791.6613776732197,
        796.2834856934953,
        794.0216211233552,
        805.0924763681107,
        805.8459354594918,
        811.4050300317217,
        810.3535535573164,
        811.6136993498699,
        805.7466010143273,
        805.8789480514681,
        799.2083463150938,
        799.2010437688266,
        800.0124970917893,
        804.5250096700397,
        809.1558987729625,
        810.799690459166,
        808.1349337223425,
        810.6991033139388,
        801.1554264240676,
        803.1415729669045,
        794.6921990756978,
        791.5918276083814,
        786.6345149848346,
        780.911409715862,
        781.6587634141478,
        779.7215640973109,
        787.8752486439373,
        788.2443190614033,
        792.9444970948148,
        792.5420463946848,
        789.8084566526384,
        786.8067123576502,
        788.5996850534157,
        776.9913895799165,
        770.5774149023534,
        761.5762993963763,
        757.6248884617128
    ],
    "recorded50Y": [
        489.38291920772554,
        488.56763425867615,
        495.0457384424874,
        497.4429632831932,
        503.7556112237381,
        505.55050996676357,
        498.9941709152281,
        492.6913427420129,
        486.2425737398278,
        480.45724593103284,
        484.3809400101133,
        483.82015703156367,
        481.5811883711697,
        479.22319673142886,
        475.22116321836256,
        468.4074291620328,
        468.9367713392609,
        453.42010244191204,
        457.45406220432017,
        451.9036444660675,
        451.02597788402426,
        451.41978578921385,
        441.077891069746,
        433.3330878792894,
        428.9784059863963,
        423.5198238949224,
        426.94046226502206,
        428.11544546295204,
        436.27863249144974,
        445.5968802746519,
        454.2761369051767,
        464.332550867921,
        470.0578720873931,
        469.99946806016544,
        474.00938819468587,
        471.85380472391563,
        476.34771446812135,
        477.6846093704113,
        479.57247627219806,
        480.2495999743194,
        468.9144331448465,
        475.2703472169635,
        464.9618469546833,
        470.3486937376549,
        467.6770815371708,
        468.2596075868049,
        473.4546970627854,
        483.66566556204356,
        487.04511981923093,
        487.22238840744717
    ],
    "distance50": [
        58.45123916611036,
        57.12837215550708,
        63.04615443569417,
        65.52182837558915,
        72.24223128674538,
        73.9139936849612,
        67.45069693124134,
        61.10309829605976,
        54.80953158556518,
        50.63070072059523,
        54.58288347131473,
        57.288547575407044,
        55.27495747112304,
        52.819419751924315,
        51.65292356607215,
        44.75070573829964,
        52.34669884613257,
        43.48718914147043,
        50.31804760477163,
        46.7972067752349,
        47.58300752815253,
        42.44919278659806,
        38.95154440789214,
        31.236805262650257,
        31.347012021040833,
        33.1166628274189,
        36.87377460320763,
        41.338816719418006,
        43.01302360212905,
        42.375559678900274,
        48.1605616581929,
        46.31064831103598,
        51.80088588440016,
        46.43741018136363,
        48.18052538521556,
        43.995123589916474,
        46.189006044695034,
        47.68275737969369,
        48.995260623413515,
        52.18284590112131,
        42.101161844600426,
        49.945479110624255,
        41.094955845003994,
        44.11610922275966,
        40.330467102592884,
        41.702591845699445,
        42.41859256440668,
        51.72991460990253,
        55.41867145068065,
        56.18856752805553
    ]
}