{
  "date_time_concluded": "08-05-2024T18-29-07",
  "accuracy": 58.13102808089811,
  "smallestDistance": 58.88030051816418,
  "largestDistance": 239.64689327834753,
  "regressionType": "ridge",
  "numCalibrationClicks": 31,
  "targetX": 768,
  "targetY": 432,
  "recorded50X": [
    669.6730403179433,
    703.0542758588076,
    654.6170151301512,
    688.962535883407,
    642.9775622735898,
    672.7503300336799,
    650.9665891631194,
    683.4013905653728,
    665.0362838175038,
    691.8469099288737,
    670.2324863253873,
    684.0447508084123,
    654.1792503561956,
    681.6747512716545,
    636.8824213431153,
    676.6800664234911,
    642.9874264950074,
    661.3402431613082,
    638.1537172132599,
    651.5102645517184,
    626.1673327260671,
    669.7034175179774,
    625.3660870166716,
    679.2925291260959,
    632.759629386657,
    673.097613640623,
    637.9077714769975,
    666.6706214958467,
    644.0535816648704,
    655.0905167659737,
    634.4325980698602,
    640.5319567815943,
    619.2173717369931,
    634.6432397695628,
    618.428535941076,
    649.3091987445945,
    628.2143013969846,
    670.8358292486796,
    638.4485979793327,
    672.5385406112015,
    635.915251183323,
    655.9741217972374,
    627.1576699632203,
    666.4804720108829,
    634.1624743414857,
    690.4584255501925,
    678.3444702959216,
    714.1358781352958,
    691.2525912944708,
    713.9934587892556
  ],
  "recorded50Y": [
    591.6432411185665,
    594.4966269921232,
    605.6370129837187,
    592.7154745442701,
    606.3431616958516,
    595.7451772249519,
    615.5401981742903,
    595.9963405389632,
    613.2501068574463,
    600.9545449305845,
    615.8754177813098,
    617.691136677468,
    624.623507530938,
    632.2663759584976,
    632.5961465859186,
    627.2961652545866,
    634.6819033038581,
    620.9417237210121,
    625.2753462075182,
    612.4110313021367,
    619.6725123890737,
    602.2717718269298,
    621.0844976232081,
    603.4545057598095,
    619.525071215909,
    600.5631767180654,
    606.3469844001463,
    594.6334729640043,
    598.6629118941071,
    579.4832503345021,
    588.6188343061301,
    552.2403875387095,
    565.8005939018062,
    532.7484606522819,
    546.2178576660672,
    529.0553116682746,
    548.0322851476119,
    520.4607498487292,
    527.6016814155292,
    496.22306339777316,
    490.6212518158078,
    466.16108625501863,
    466.1843062888813,
    448.6895170669075,
    457.0814330472903,
    449.2781206019349,
    459.9750686718245,
    455.78121453697474,
    462.4370028711032,
    576.9033278435855
  ],
  "distance50": [
    187.49441441055666,
    174.99457382456487,
    207.37770742272286,
    179.09881208978376,
    214.5370549932108,
    189.4333199126379,
    217.67825706296858,
    184.53109339199227,
    208.45413904728625,
    185.32385539935746,
    208.2514249515878,
    203.788326720133,
    223.73863927135818,
    218.07950363929444,
    239.64689327834753,
    215.59202775512088,
    238.1346204591337,
    216.96838177844282,
    232.84204217703055,
    214.75101555129189,
    235.23919191424116,
    196.6079713763588,
    236.84885554791413,
    193.04316339664842,
    231.2046932442464,
    193.44251725510142,
    217.53358106624816,
    191.6175604592948,
    207.69988160596012,
    185.74138077823233,
    205.83903934331445,
    175.23085583705964,
    200.09714990804886,
    167.13550736741342,
    188.19495708056573,
    153.32070905678754,
    181.6687445063398,
    131.40083843564767,
    161.00697890152748,
    115.05430066205095,
    144.50893409895806,
    117.11864583072591,
    144.93146216967946,
    102.88223628527781,
    136.16740270012932,
    79.44324527415813,
    93.9186801105732,
    58.88030051816418,
    82.56255741429698,
    154.64048924422565
  ]
}