{
  "date_time_concluded": "08-05-2024T19-41-49",
  "accuracy": 73.0869165683714,
  "smallestDistance": 59.44324930619381,
  "largestDistance": 187.41852728977773,
  "regressionType": "ridge",
  "numCalibrationClicks": 32,
  "targetX": 768,
  "targetY": 432,
  "recorded50X": [
    774.8054534347118,
    732.6477400562192,
    733.6069958081634,
    711.3186535770776,
    724.2254135276446,
    714.1781727771481,
    725.4437486713252,
    735.6220748057171,
    739.0266441248757,
    739.1199933095171,
    741.2106634178633,
    729.7189277053935,
    737.0337220764243,
    738.7046067189192,
    743.6933209204226,
    753.5824591257004,
    747.6782330095538,
    748.4917920930088,
    742.6011818941679,
    739.39875676975,
    741.745836956703,
    745.8599418887841,
    750.6474257427016,
    754.2392481893805,
    756.3539502784288,
    758.3531902478964,
    759.3313584924122,
    767.0277291920988,
    774.9527811122915,
    787.288852764187,
    795.6942259445348,
    803.4859110018974,
    800.2250079664163,
    804.1461611282248,
    797.8351927553051,
    797.7514880160061,
    793.7183039629265,
    796.4507749898461,
    786.06570018415,
    791.3324480860028,
    775.296178070859,
    780.8392338131819,
    777.6566751312471,
    783.025907434945,
    786.1516992644365,
    772.9954417260188,
    773.9469220189995,
    764.0870799205147,
    769.2012192016844,
    773.8408095422153
  ],
  "recorded50Y": [
    492.33361784693716,
    603.2914602347266,
    593.5729929308707,
    610.6419025289247,
    586.317931487526,
    590.6440263193258,
    571.3435009548709,
    567.5513476352901,
    563.2073445992727,
    562.1337298458197,
    558.940636978795,
    562.5896158831707,
    551.4201026036261,
    544.0621104426256,
    538.0329390453849,
    523.9324673906855,
    537.8346538625348,
    534.2400722364562,
    542.5416141950968,
    547.2405067531347,
    541.1070264388838,
    543.3402204096282,
    539.3124352139795,
    543.5201797947892,
    542.7511789522866,
    544.6004423771467,
    540.1798148396072,
    536.0210504788884,
    528.496817886188,
    528.7717649464616,
    528.1945071124251,
    532.0869636416587,
    540.1517430602712,
    541.3325916066227,
    550.3839857724752,
    558.7875494723437,
    566.2369498130538,
    571.7190333034981,
    569.5633142608458,
    560.4906414336988,
    553.8848628991417,
    546.0468114056482,
    537.423450067597,
    533.6302300380742,
    517.4489156101663,
    514.9713347366949,
    503.95898556148074,
    500.311982316751,
    495.0571699182416,
    491.1555984837435
  ],
  "distance50": [
    60.71622220586756,
    174.90153410555777,
    165.19295015822823,
    187.41852728977773,
    160.40647867032834,
    167.52527025023258,
    145.69710287273887,
    139.36462207328603,
    134.3682351877068,
    133.29982156787435,
    129.7366327260471,
    136.0848568817962,
    123.36965297146912,
    115.82804783103444,
    108.78326530528429,
    93.05613384082507,
    107.76802945130126,
    104.08459322425279,
    113.42199270878102,
    118.73670667083204,
    112.22131836437906,
    113.52016056204553,
    108.70635025107596,
    112.36595922189059,
    111.36181622728111,
    113.01292210151199,
    108.52657593566086,
    104.02559422207275,
    96.74697425426575,
    98.67539881759642,
    100.10171501662367,
    106.19157297375955,
    112.85056785595063,
    115.15277049089238,
    122.08565359666063,
    130.2314621754995,
    136.67841765926983,
    142.58630672258423,
    138.74449521898813,
    130.59191425861468,
    122.10304672031837,
    114.76724757832717,
    105.86479678696574,
    102.73500645756249,
    87.35560294073795,
    83.12157858237967,
    72.20430378126677,
    68.42395685425204,
    63.06861030392604,
    59.44324930619381
  ]
}