{
  "date_time_concluded": "01-05-2024T18-00-04",
  "accuracy": 73.94897043774843,
  "smallestDistance": 30.328746952783096,
  "largestDistance": 162.58090222381298,
  "regressionType": "weightedRidge",
  "numCalibrationClicks": 27,
  "targetX": 768,
  "targetY": 371,
  "recorded50X": [
    728.6344591689343,
    726.0766557258521,
    745.5122222226919,
    752.4278658452643,
    765.3918979906842,
    766.8174064332984,
    771.6287158736557,
    767.9980160367128,
    759.0208712458627,
    751.1361548992504,
    741.7729986110103,
    737.7252238111339,
    737.3096740117387,
    732.0454783414384,
    727.7411103266361,
    727.3258080181452,
    727.2440879993667,
    724.140301103299,
    732.3045017985286,
    728.0841103493218,
    723.7636449000865,
    736.0412616962797,
    730.6842491680859,
    747.7913532249787,
    753.8652645639727,
    764.6598070217797,
    766.447932394761,
    767.2507790592306,
    769.3485794797282,
    762.1276419199074,
    756.5582341277996,
    742.6625948149576,
    740.6599483876948,
    736.0265376163159,
    733.3663811349043,
    730.2221315225336,
    727.4717519511674,
    729.2691527278636,
    728.2732967833144,
    725.1002996020607,
    723.6025240778984,
    718.4557492439701,
    720.1502880458268,
    722.4856467351024,
    722.9450929704776,
    722.921546219382,
    718.5371884269448,
    718.2851539121413,
    720.6930830026113,
    711.8669622664288
  ],
  "recorded50Y": [
    272.2037120953255,
    258.08562160286215,
    236.8020453057975,
    233.77555122944966,
    221.12027395243604,
    217.57828656389384,
    211.7795100578558,
    208.4190977882921,
    221.2243611005229,
    217.466674055946,
    233.5777319470617,
    234.1183387872665,
    238.74787405688954,
    240.93814366017824,
    242.79541285328864,
    245.11840639738068,
    247.02688451261275,
    260.7239778118933,
    259.9529562088901,
    270.223684257914,
    277.6422681119401,
    276.35206204086705,
    277.1466229602697,
    268.55128287921667,
    260.3920045333773,
    264.57646174373406,
    275.8790514640783,
    297.2147527317792,
    312.6314361822162,
    328.97217105521923,
    342.91230010392985,
    312.37043633464873,
    330.0685160645811,
    333.8876544181104,
    341.61754291100283,
    336.5731655107536,
    339.2950587980934,
    344.5528511402716,
    343.935609321794,
    339.0058159637383,
    337.99190206057136,
    331.7160090043502,
    324.0608924219888,
    331.0972666704372,
    320.0289928785379,
    329.3135709546236,
    311.6162399968656,
    308.37396966025483,
    300.5922201242609,
    279.5526917913279
  ],
  "distance50": [
    106.35014014408083,
    120.4459366020322,
    136.06906773204858,
    138.10517985403186,
    149.90241651215572,
    153.42627115723917,
    159.26183471349364,
    162.58090222381298,
    150.0445492543129,
    154.45669764379014,
    139.90259239439308,
    140.1896973733929,
    135.76642046448046,
    134.9400389145357,
    134.3770604053787,
    132.28970293001566,
    130.50048937322964,
    118.67802769232847,
    116.64310749716817,
    108.39346872000053,
    103.30789522494646,
    99.89791346110067,
    100.99961208792472,
    104.42283775195855,
    111.50748587871091,
    106.47594274818445,
    95.13361006618372,
    73.78905099302047,
    58.38414090113723,
    42.43610485462327,
    30.328746952783096,
    63.870257844324456,
    49.22260455643286,
    48.98600301504977,
    45.41823796977901,
    51.11139089919895,
    51.45621620877359,
    46.89914938702182,
    48.0696597787958,
    53.51646575007676,
    55.323325983101455,
    63.22867017044295,
    67.02890983984044,
    60.529203532609785,
    68.02931878546958,
    61.39890358798371,
    77.28519056599026,
    79.95989993524358,
    84.8245239469598,
    107.30110951807718
  ]
}