{
  "date_time_concluded": "08-05-2024T18-19-28",
  "accuracy": 73.15967987157633,
  "smallestDistance": 51.960256116691255,
  "largestDistance": 213.83550401817254,
  "regressionType": "ridge",
  "numCalibrationClicks": 45,
  "targetX": 768,
  "targetY": 432,
  "recorded50X": [
    768.7599892890335,
    765.1903598157863,
    744.6472273082325,
    731.8674718129128,
    728.9181050402365,
    721.5370520279191,
    720.0481345882042,
    710.4049983132909,
    702.9369021632551,
    691.6522167882251,
    747.0213891926279,
    735.9520181324563,
    740.6189906686783,
    731.2665933847982,
    732.8145010615383,
    728.4840830405303,
    733.3776414430951,
    719.6099155358864,
    716.4412575695081,
    710.9953120076352,
    697.6084549215675,
    698.1986403325395,
    683.7593071770171,
    688.3886213736432,
    679.834144221389,
    690.9183866964729,
    685.9302795006583,
    699.5999248513392,
    701.8271528603157,
    718.5234677254628,
    728.1117185097418,
    731.5095413461588,
    730.8373351893783,
    725.4027447004877,
    725.4159894206766,
    721.8284870781101,
    723.1922574082807,
    722.9621074099668,
    735.8919817770252,
    734.1156612535177,
    750.2523298959482,
    752.3756507773503,
    767.9942796778571,
    765.0185903838276,
    776.7881907534577,
    774.5403778798119,
    773.5975205755412,
    772.0611602838139,
    778.8757263823146,
    775.730475021915
  ],
  "recorded50Y": [
    525.1790078333574,
    536.381971729103,
    554.5470322480477,
    566.0476080802696,
    569.8050318346295,
    574.2128313708407,
    561.4259411679653,
    565.4608152396768,
    553.8836106992876,
    578.2243751603492,
    483.080413409808,
    498.8403759822363,
    486.31444249207163,
    498.06056913942575,
    491.87407303450453,
    496.7421105134172,
    495.11923140386205,
    518.0864409930853,
    531.7342676932855,
    546.4715203263978,
    563.9071627434424,
    583.4564054128065,
    602.9025228821725,
    607.9234298225097,
    626.8137691579603,
    604.2004729278952,
    611.9792105957173,
    603.8988550809986,
    601.9395064637955,
    584.3599259919552,
    574.4139687605148,
    547.100688874323,
    534.507856977611,
    525.8376047408437,
    515.6520998488497,
    525.1546761802556,
    535.224395159947,
    547.8476125640307,
    539.3588320118371,
    532.6894563017736,
    510.69467504600726,
    497.48367784518155,
    483.96025580181515,
    487.4492729880675,
    485.2360549431425,
    493.69276698049765,
    498.8569261067634,
    507.5324369357743,
    506.6189393053563,
    515.5642431733912
  ],
  "distance50": [
    93.18210710500344,
    104.41977829903688,
    124.7522629261586,
    138.83198775942168,
    143.23973370747814,
    149.61047737631034,
    138.02338803146588,
    145.35808688797184,
    138.16230041950422,
    164.95621204545984,
    55.22056451652845,
    74.12630439479042,
    60.82580320247718,
    75.5866519736296,
    69.44727465703512,
    75.84885343153992,
    71.991284785432,
    98.7546231692471,
    112.27300687756485,
    127.87987886662923,
    149.51411037609125,
    166.7671207162688,
    190.53652315182953,
    193.0984846323363,
    213.83550401817254,
    188.66525378581312,
    197.80787463975648,
    185.00753135616023,
    182.36853225194972,
    160.1919919789606,
    147.89460266813984,
    120.74652024845854,
    109.03634439015725,
    103.05349204442638,
    93.86730935816712,
    103.96923727595832,
    112.53003844442009,
    124.29433255678684,
    112.05732303224424,
    106.23801119483146,
    80.67113284638398,
    67.32185642689032,
    51.960256116691255,
    55.52936770938993,
    53.956555140487296,
    62.03848838036525,
    67.09083994882484,
    75.64153655437961,
    75.40734398849641,
    83.9210520739946
  ]
}