{
  "date_time_concluded": "01-05-2024T18-03-00",
  "accuracy": 85.60620228818037,
  "smallestDistance": 15.879636978227957,
  "largestDistance": 89.58796188364529,
  "regressionType": "weightedRidge",
  "numCalibrationClicks": 30,
  "targetX": 768,
  "targetY": 371,
  "recorded50X": [
    792.1415517549173,
    781.8569865220991,
    782.1739574595848,
    764.7543551336234,
    757.2503373446859,
    745.6492767440429,
    742.8212474315271,
    738.0398313871171,
    734.31794665866,
    733.468928057092,
    731.2569190617387,
    730.0537448961701,
    738.1887955432037,
    739.1740348320363,
    752.0804998428519,
    759.8997438725642,
    774.5430102773262,
    779.1689551419784,
    785.143139443401,
    783.0920068766063,
    780.8606648717669,
    779.5007569417834,
    780.2854519729296,
    781.5197377696022,
    793.2323940492765,
    796.5875773661544,
    802.0908203306262,
    801.5657962483438,
    790.5124629804551,
    792.4328992318199,
    778.6612680775579,
    783.98594832924,
    772.1620243335879,
    769.0739828181192,
    766.672331521246,
    763.0405240340365,
    760.9842968974879,
    765.3953396552172,
    764.4362730298326,
    768.8740443448248,
    767.5549284933704,
    763.8625354792887,
    755.5507591851897,
    754.7199976511714,
    769.4502295906866,
    777.2567362268658,
    790.5360378137336,
    785.9624932675742,
    793.2314852792568,
    784.395769361461
  ],
  "recorded50Y": [
    346.3468314155,
    345.2670536436094,
    352.08936597882644,
    340.9904894452348,
    346.0110374911851,
    342.4837699301261,
    344.3300420444424,
    331.8679630302597,
    322.02330191495105,
    305.7412040575831,
    294.3503469807265,
    289.845304275966,
    290.0071919440447,
    290.3283334053648,
    297.89234747972694,
    304.99109952240383,
    317.91694567701995,
    315.097609169876,
    313.9761955044179,
    302.3313245917982,
    292.37356237389224,
    294.13247490260255,
    290.42494319263176,
    302.5418502527664,
    301.5749662661745,
    307.6948381638111,
    308.9927573515598,
    309.87985045383294,
    319.5690924369998,
    316.45625887844596,
    327.8294628094368,
    319.93767917809237,
    323.50496127372963,
    318.1516274569554,
    313.4205447911813,
    323.8621801374768,
    323.6049972088195,
    339.9831079528778,
    347.890687979925,
    355.1444357702545,
    351.1667818537077,
    354.60071774534686,
    347.46784779048403,
    296.75250680660554,
    309.96365725470446,
    324.3376518145934,
    328.765086264262,
    333.8355063177895,
    338.27933211614413,
    341.7909301295134
  ],
  "distance50": [
    34.50497416882277,
    29.226710448740395,
    23.63288279387191,
    30.184514810332804,
    27.20300524703126,
    36.231618890995776,
    36.67773491173617,
    49.28415587908036,
    59.44070720140287,
    73.83160148188782,
    85.00131354756022,
    89.58796188364529,
    86.30494115607596,
    85.66711188677155,
    74.82084831300985,
    66.50405319671319,
    53.4847795147895,
    57.0072176087156,
    59.544953683131375,
    70.30757892205159,
    79.671283375606,
    77.72312284534767,
    81.50627037038181,
    69.78038102628469,
    73.86818678159614,
    69.46073059486153,
    70.7607389141576,
    69.73044785695237,
    56.14222334571574,
    59.766096245341046,
    44.46749282727053,
    53.506178631112824,
    47.67705056065548,
    52.859284137623796,
    57.594759880859236,
    47.3980006250122,
    47.9114430965986,
    31.126063801491465,
    23.382481732251616,
    15.879636978227957,
    19.83821137815687,
    16.913162658944852,
    26.622279851225482,
    75.42578277941867,
    61.05356911423684,
    47.571650210497076,
    47.87129556015028,
    41.277727106064276,
    41.31912337118192,
    33.49613433895308
  ]
}