{
  "date_time_concluded": "08-05-2024T18-15-07",
  "accuracy": 90.36388445531438,
  "smallestDistance": 5.120092926520991,
  "largestDistance": 85.08466768782357,
  "regressionType": "ridge",
  "numCalibrationClicks": 36,
  "targetX": 768,
  "targetY": 432,
  "recorded50X": [
    729.9694531103104,
    731.8415679647474,
    737.6314758775931,
    753.8762901856844,
    765.7939409809446,
    763.2783185561724,
    787.5830833535016,
    781.3955652641871,
    804.404866095367,
    817.6273284760987,
    834.5097729184818,
    836.5987948643691,
    848.2061317528477,
    838.5811060654322,
    833.88022691621,
    821.6353744022742,
    810.7470121163773,
    804.9558222712843,
    800.0479588667845,
    786.5916682880363,
    795.2210081716526,
    787.917212103293,
    791.6535642755491,
    785.6814678511751,
    779.8975201923605,
    784.7208262906711,
    787.0036270409087,
    777.3392368465725,
    769.1207303349654,
    746.5918203487939,
    739.3632313962224,
    737.4979800917947,
    747.9420610331231,
    751.5099639177711,
    760.3533114421474,
    758.1313270275673,
    775.5046013457159,
    760.1027215481174,
    779.7435372421869,
    760.244161130749,
    762.8799698860602,
    751.9900048754475,
    745.7714845706006,
    741.086746364905,
    740.3967447531727,
    740.3909531340532,
    747.2115933650664,
    740.0321674607244,
    740.5602751585177,
    732.6992805608935
  ],
  "recorded50Y": [
    359.90438633999344,
    354.98072664391475,
    370.69442385221873,
    386.0259493466483,
    402.91034710085785,
    412.18989828220583,
    423.763744502564,
    423.9698283265983,
    428.65215406078704,
    429.6363762236374,
    424.7267347419289,
    434.36635054510634,
    439.38217827664283,
    444.1446598348541,
    450.10956186634843,
    446.7442749590127,
    443.39797630399335,
    441.24522669580796,
    439.17059043818267,
    382.4486663151182,
    381.2935686822917,
    376.9313713796921,
    377.1280038702654,
    381.87187166670617,
    384.92270457835315,
    403.1550270406046,
    416.67552482466726,
    421.807719705596,
    425.7628371214553,
    424.63543516155966,
    426.3835882955939,
    423.85611389847907,
    425.961746623579,
    415.3475155098661,
    407.66091454086467,
    408.8287216737368,
    411.1132396708201,
    413.52482315116936,
    422.27552161642143,
    424.59235981276504,
    432.02536155672567,
    426.5190663788654,
    416.45774458147133,
    407.6322842531754,
    395.07639018749524,
    389.4368033604859,
    386.71935609967363,
    377.10241221983637,
    371.02587468896854,
    356.8073370397334
  ],
  "distance50": [
    81.5113489383031,
    85.08466768782357,
    68.41506357655908,
    48.09462041014506,
    29.173182928643985,
    20.365028989086596,
    21.244600684626572,
    15.618092900588053,
    36.55847846744041,
    49.683583294995756,
    66.90627983367685,
    68.63959696666434,
    80.54514340953959,
    71.61833072561878,
    68.3239381880349,
    55.62505758504079,
    44.24048947179608,
    38.094711134272096,
    32.84035680012121,
    52.92433088554712,
    57.55106830336551,
    58.55979163290246,
    59.75305065182148,
    53.15508964879386,
    48.55741684794031,
    33.3409432510697,
    24.412647953660098,
    13.824034233033164,
    6.337052726402704,
    22.639500242671115,
    29.182333636974455,
    31.570494125292008,
    20.94711004976149,
    23.435582554896328,
    25.512015343517785,
    25.185290260586186,
    22.19404871596714,
    20.092266336631535,
    15.247168484388098,
    10.725025394343945,
    5.120092926520991,
    16.92219185706974,
    27.12321149292302,
    36.305768025824726,
    46.100896540171505,
    50.733471959052736,
    49.824638106538366,
    61.611239242736666,
    66.86390997258258,
    83.06670425612636
  ]
}