{
  "date_time_concluded": "03-05-2024T19-32-19",
  "accuracy": 46.22394723951722,
  "smallestDistance": 176.7735270023201,
  "largestDistance": 224.1699593167717,
  "regressionType": "weightedRidge",
  "numCalibrationClicks": 30,
  "targetX": 768,
  "targetY": 371,
  "recorded50X": [
    768.0756411076316,
    758.6565752950116,
    755.0679213308944,
    748.7677245090089,
    730.9286598071637,
    726.669032709929,
    714.3373208455469,
    710.7205084065813,
    718.3162067833233,
    721.1505514909956,
    733.9873401851555,
    727.6136442184395,
    726.3778337299326,
    720.5887367160228,
    678.619267840064,
    677.9606415850245,
    698.8541476396279,
    697.211911749351,
    699.1875181727764,
    703.3747884852577,
    704.8450361643768,
    714.8155056936569,
    721.021321503915,
    723.6230439141946,
    726.899179106069,
    726.5737311310654,
    721.6157202550742,
    722.9874959073768,
    716.7834430207573,
    720.2385056538589,
    716.2007824614402,
    721.8372575868128,
    710.9156962003999,
    713.1750508486748,
    711.5286636909377,
    717.3708046967972,
    721.3555160196618,
    724.8302451058184,
    730.0352444736698,
    725.9372801843842,
    736.6355370665116,
    743.1319184725135,
    750.2106642438578,
    762.5581726854848,
    766.4921489592882,
    771.5025858382704,
    773.2584245643532,
    777.8717593543839,
    771.8804092261432,
    772.9667373246483
  ],
  "recorded50Y": [
    550.3458842757523,
    553.6222654253577,
    547.299861571517,
    548.8307026034008,
    547.18357366669,
    545.2663169349671,
    544.3043050341304,
    556.4660626727207,
    555.5670744839813,
    573.0432191142246,
    572.9276696808356,
    579.2934178252544,
    587.0346825088876,
    579.1304825754842,
    556.1088848131262,
    559.3560325048713,
    563.8008691058285,
    565.8803499882306,
    578.9202080739424,
    581.1973501577361,
    584.9525304601818,
    588.7695576187398,
    581.0838992120288,
    580.5979761856195,
    574.096740730801,
    567.0808724905669,
    566.1574414162651,
    564.8944071373196,
    562.0229955458469,
    566.5485517581308,
    565.6085052125621,
    565.4138295855066,
    573.1847644632078,
    569.2657939427094,
    574.241818296169,
    577.4336777446774,
    573.1344534190392,
    576.0346468091884,
    566.432242171009,
    559.7667207017664,
    557.3417569328935,
    547.626681866398,
    557.6364719597698,
    548.0357416506349,
    561.7184575726963,
    560.2666504051072,
    564.9145635807865,
    564.8276699104359,
    560.634322055666,
    556.756201899868
  ],
  "distance50": [
    179.34590022698788,
    182.86112603368596,
    176.7735270023201,
    178.86765836500618,
    180.0414838132006,
    179.10052505565505,
    181.4223395213409,
    194.10976420706425,
    191.13734405388442,
    207.40379267418527,
    204.7721778230944,
    212.17258456888536,
    220.00770161912288,
    213.4622347472417,
    205.5582995605029,
    208.77040270296112,
    204.82510594798967,
    207.33862218534424,
    219.011348063824,
    219.90758053477623,
    223.07898768685928,
    224.1699593167717,
    215.27248068754255,
    214.24431346607315,
    207.21381125211997,
    200.4091921770636,
    200.59393896027487,
    199.05066351012516,
    197.76986761414557,
    201.296786951205,
    201.38428250157673,
    199.81925813396637,
    210.08878294979922,
    205.7063443289445,
    210.9413390705202,
    212.5515907356216,
    207.4464874246025,
    209.53003157016025,
    199.08561962673727,
    193.39634754251614,
    188.9629061798737,
    178.36873668328622,
    187.48235418896013,
    177.11935892587053,
    190.72441813692686,
    189.299057216679,
    193.98584741579964,
    194.07889441064884,
    189.67401951051275,
    185.82259018729818
  ]
}