{
  "date_time_concluded": "02-05-2024T09-48-34",
  "accuracy": 94.25508080474597,
  "smallestDistance": 1.6960771446248293,
  "largestDistance": 61.55766822598962,
  "regressionType": "weightedRidge",
  "numCalibrationClicks": 27,
  "targetX": 768,
  "targetY": 432,
  "recorded50X": [
    786.9319078746867,
    796.1331669939675,
    793.0022649269814,
    795.9173889322674,
    799.8054566064773,
    810.9792370953829,
    816.6113670681649,
    821.3912846852567,
    818.0440686667771,
    809.0481837547023,
    801.1048060276185,
    796.8507363366009,
    790.6309745983684,
    789.3335160304464,
    775.8074016896837,
    784.5828722979907,
    764.742078491139,
    774.4063970060906,
    755.5380232521131,
    760.1980289166813,
    752.6810368288623,
    763.5696559114456,
    760.4654916086332,
    767.4585728960978,
    769.9694992924788,
    766.8157656206774,
    769.2615325083392,
    772.3295539878029,
    768.1531598633155,
    783.281794206297,
    779.6947927805629,
    782.4442772865434,
    779.4201779732582,
    775.1249546617676,
    772.3101296056125,
    778.690314128253,
    776.1832843708676,
    784.1955955581079,
    788.2467412786946,
    781.4684133427758,
    794.8819646156041,
    774.5672254903905,
    780.7164426107397,
    783.3120225264727,
    781.1946669381059,
    802.5091225283466,
    791.4401551382955,
    801.8183914589121,
    792.4589057120468,
    805.3700286610517
  ],
  "recorded50Y": [
    435.4413864261494,
    437.90386290010395,
    441.3831327582637,
    437.71050550605446,
    457.09504838039845,
    455.9870830657149,
    455.8519669048002,
    462.63849273510186,
    451.53891870467794,
    458.39697074231367,
    463.0910320051125,
    464.7959963740067,
    471.23789100940485,
    466.27242692798023,
    469.333711237892,
    458.93430374266484,
    459.18324196967575,
    455.7352268854843,
    456.9914331311704,
    451.9667910777222,
    457.669103321613,
    441.4254564446403,
    437.68949494304366,
    433.6073376657314,
    423.625913957495,
    427.6295175997222,
    428.2003065645878,
    423.7557529644576,
    426.24622924367065,
    438.4645473649912,
    432.1705706667416,
    442.88009569911526,
    437.5338527666962,
    434.8350711997816,
    435.54195703480235,
    435.39588964772264,
    441.8353395662033,
    439.3464994260579,
    445.51386897137655,
    441.1674581518017,
    442.0487418778934,
    441.5791193721143,
    439.1672421960162,
    434.2037483254077,
    425.415995017693,
    424.5829717933093,
    417.8219658099973,
    426.1541865942547,
    425.93809751625884,
    439.7584169612454
  ],
  "distance50": [
    19.242148432794817,
    28.74596810430441,
    26.704988894177916,
    28.495446617488973,
    40.51355974437506,
    49.21986362539667,
    54.1477731163854,
    61.55766822598962,
    53.72316216375498,
    48.803211512464756,
    45.41564106416612,
    43.67999960311267,
    45.29650209605518,
    40.36976781893918,
    38.14133605339983,
    31.629865187091696,
    27.37777742147526,
    24.584607336808592,
    27.926199068520507,
    21.436965707075867,
    29.89269974382239,
    10.41475769918823,
    9.441354214650344,
    1.6960771446248293,
    8.602571970658026,
    4.528082096904557,
    4.003640152749912,
    9.311962570605068,
    5.755808879742412,
    16.592878195112142,
    11.696036616420935,
    18.083518151965347,
    12.690310925440844,
    7.668285834531373,
    5.578770191857969,
    11.216723347762303,
    12.794531936612973,
    17.783935708916466,
    24.34245646975524,
    16.292343199702618,
    28.698732287735677,
    11.61412840409686,
    14.597166621251942,
    15.469794456712854,
    14.746130245409773,
    35.29719316171303,
    27.394479852704734,
    34.31992329890915,
    25.198903356161782,
    38.16689764537285
  ]
}