{
  "date_time_concluded": "02-05-2024T10-01-34",
  "accuracy": 72.48252399347383,
  "smallestDistance": 3.5332038639030965,
  "largestDistance": 230.823344297204,
  "regressionType": "ridge",
  "numCalibrationClicks": 28,
  "targetX": 768,
  "targetY": 432,
  "recorded50X": [
    916.7683359227061,
    865.0290350823255,
    898.8317689768894,
    843.9092527185524,
    881.1089259369801,
    859.2970700991789,
    882.5532973253341,
    880.9537667665563,
    886.1155928433379,
    865.0851402677674,
    880.0320671579993,
    849.4777780132658,
    858.8338835392624,
    832.3410841474781,
    805.4813952864884,
    787.6006793991667,
    755.8375457289321,
    743.1618804474274,
    764.4668378996653,
    764.1184735969493,
    805.4864351568908,
    806.0134821046215,
    827.268755633469,
    814.9680365411473,
    830.9711063499145,
    821.8319694940973,
    842.2324658463472,
    851.7036644941109,
    865.8255881844784,
    866.014753756361,
    884.9588639145468,
    872.5786258113897,
    873.4727372742668,
    862.5372115260554,
    890.1808702067797,
    893.5207403582378,
    933.5751825087465,
    941.6477836449446,
    971.7837416550129,
    983.011389351614,
    985.0107251432071,
    993.8431022307061,
    984.5793239788577,
    971.0879824018514,
    966.6376264969417,
    950.0744337882866,
    944.3004608128181,
    926.8287791826133,
    930.3947738227946,
    889.5727013353651
  ],
  "recorded50Y": [
    422.03441554480275,
    432.1605388697991,
    443.5708933881838,
    447.19685861697815,
    450.39320643483654,
    453.55810372979204,
    455.2141177636921,
    453.9814548627661,
    463.8982723926444,
    449.0516682928268,
    453.8330883892155,
    440.5197558968047,
    443.0158969608388,
    441.2571241871491,
    440.7852541940847,
    442.3369312013574,
    435.39114244827704,
    432.69488363946795,
    432.01717895975065,
    431.6350664255656,
    446.6664605035422,
    443.7656394834804,
    467.3501916176176,
    453.45056547734947,
    484.635910689932,
    484.69934066008864,
    517.735986218673,
    537.0231750650324,
    552.521888795085,
    554.0293023223447,
    557.302874095903,
    539.7375520199332,
    483.30478521215014,
    465.0352793650226,
    462.81703453176704,
    455.0001524783414,
    469.58847312548426,
    464.6661545009135,
    481.5553720326744,
    480.1255085432153,
    483.9902200755079,
    479.68972056278375,
    470.6068150509708,
    464.3455769383973,
    454.74479211345397,
    448.9284147024015,
    439.38693887181904,
    427.7673551599353,
    420.6301541718775,
    419.1231528743606
  ],
  "distance50": [
    149.10174595471642,
    97.02916789159784,
    131.34244305411283,
    77.41549689896378,
    114.59467339092056,
    93.80781867796978,
    116.8817915316709,
    115.07274996556495,
    122.34701898439751,
    98.5712120874075,
    114.13968556249736,
    81.92200284734355,
    91.49942286526237,
    65.00361111114643,
    38.497216573106606,
    22.15939483764195,
    12.626366896313584,
    24.847837857252085,
    3.5332038639030965,
    3.898643832325396,
    40.25342077977652,
    39.79265125841219,
    69.01029953378082,
    51.634515741203614,
    82.0725248124532,
    75.33326918182624,
    113.406870684794,
    134.2988114261743,
    155.22683847316483,
    156.51850554869952,
    171.40649376518732,
    150.1468251141078,
    117.28887114211379,
    100.14296802994825,
    126.0073595541866,
    127.61059232723242,
    169.78820446282467,
    176.6936060379069,
    209.7225506716286,
    220.33148237021058,
    223.15160275176228,
    230.823344297204,
    219.99338568129468,
    205.6476718650918,
    199.935570193557,
    182.85970213161139,
    176.4551482635403,
    158.88516727177984,
    162.7923092750757,
    122.25275007898581
  ]
}