{
  "date_time_concluded": "06-05-2024T20-20-03",
  "accuracy": 52.57080640501549,
  "smallestDistance": 158.1296586056936,
  "largestDistance": 225.56672400444987,
  "regressionType": "ridge",
  "numCalibrationClicks": 29,
  "targetX": 768,
  "targetY": 432,
  "recorded50X": [
    559.7565857194655,
    567.2358798518794,
    560.6528047465612,
    581.880384847954,
    567.8416107773147,
    576.9711925522543,
    564.7208537707216,
    573.1371039323134,
    557.2128382244339,
    572.2640391918095,
    565.9001164513938,
    554.3933858268592,
    561.7971318011004,
    554.188214562173,
    564.5409373790919,
    567.7720048793694,
    563.3058578679097,
    564.0218449527746,
    551.8240603297273,
    547.3472296898267,
    555.921189602534,
    555.0878085650794,
    557.9825557684285,
    565.096907915996,
    610.2997211609234,
    602.1463366844459,
    590.1492542287301,
    581.1082280190205,
    577.1933896720524,
    567.4865052886428,
    562.2402764900762,
    563.3382574217453,
    553.1900693027321,
    551.1552403359672,
    548.5124343193804,
    551.5691533302091,
    552.6210439012582,
    567.7993805529495,
    556.5629685468831,
    564.1793791176608,
    555.554364398913,
    555.3396390239923,
    560.7113939279486,
    570.937944230825,
    569.4720611072987,
    578.6936177118215,
    574.6674829056874,
    575.0714509409856,
    565.341986225643,
    566.2477173409562
  ],
  "recorded50Y": [
    399.8050509267789,
    394.3178905951696,
    394.49759655432405,
    386.5920000613471,
    385.24121149497836,
    385.1066990664157,
    378.90793114845735,
    387.13623058588394,
    391.071387314683,
    404.5138842016328,
    406.97352457010254,
    410.85249283766507,
    408.20189619161863,
    404.5440276645487,
    405.86712255426073,
    401.4322058269147,
    402.2971050511498,
    396.36873718633603,
    393.02463904802346,
    385.1737046890792,
    379.2917840152636,
    369.5686180594059,
    375.224469519892,
    370.38476789654703,
    420.35478704227836,
    423.5004306190465,
    422.93965767466864,
    422.72246882308605,
    417.19987801684,
    418.31003681036015,
    412.863584777913,
    411.3744219387273,
    405.4896467811884,
    398.36594288055295,
    396.2927320368652,
    394.67912004734063,
    394.1032699367825,
    398.84501102215427,
    402.31970819039736,
    413.63192973690786,
    421.715753468613,
    429.9986662053275,
    430.35542495201975,
    426.754350680049,
    427.82164323927304,
    427.9941299157711,
    421.40019390186717,
    415.62445619687924,
    408.58787229436757,
    403.4612466901665
  ],
  "distance50": [
    210.71742770127392,
    204.2698541342961,
    210.71138944933642,
    191.57869819678388,
    205.54747645903444,
    196.7002464344049,
    210.09802251958794,
    199.9607613256386,
    214.72395978498386,
    197.65640114903118,
    203.6435302257438,
    214.65088557398042,
    207.57160836281844,
    215.56741407039337,
    205.13048882643608,
    202.54787105925197,
    206.83798923682954,
    207.0668361330861,
    219.6613658649655,
    225.56672400444987,
    218.53049638871448,
    221.87671962743775,
    217.5564012913868,
    212.05212001866946,
    158.1296586056936,
    166.07131093253525,
    178.0813790783558,
    187.1219041665861,
    191.37974332608366,
    200.98028921636862,
    206.64768618697963,
    205.698428155223,
    216.43961087091054,
    219.4376895432195,
    222.37311095048207,
    219.62504290413543,
    218.6875782472981,
    202.92742870569222,
    213.51004189875826,
    204.64660149157655,
    212.69441415483436,
    212.66977798315304,
    207.29512978934775,
    197.13186110002954,
    198.57190432234881,
    189.3487612057964,
    193.62287585753057,
    193.62227009531844,
    204.0058780297085,
    203.7607518601515
  ]
}