{
  "date_time_concluded": "01-05-2024T14-14-50",
  "accuracy": 92.5322022383514,
  "smallestDistance": 12.007151897152283,
  "largestDistance": 69.29517827450817,
  "regressionType": "weightedRidge",
  "numCalibrationClicks": 27,
  "targetX": 768,
  "targetY": 371,
  "recorded50X": [
    751.1324360141932,
    747.617789806442,
    750.1777239980986,
    743.8199714288546,
    745.9187846775208,
    743.7912576579338,
    738.1444040429851,
    740.5211401940153,
    736.9727841682324,
    732.2446874792852,
    745.5307445341684,
    747.0968950779877,
    755.3237697684466,
    777.3058243972835,
    771.3299615116134,
    788.0936768832557,
    787.4662337449467,
    785.696082522614,
    783.3151003255548,
    790.0710895763435,
    787.810708819044,
    786.7128853489132,
    777.7965076557948,
    758.6279319307066,
    763.2493133042567,
    762.1181818114848,
    768.2736143614925,
    774.8568637666647,
    758.9031915043705,
    746.4438602992398,
    736.1895563055555,
    731.2609743107878,
    737.3870981563771,
    739.177428770648,
    759.7406408719174,
    757.054060344688,
    779.3656706342649,
    774.5744504520408,
    789.0384219057673,
    782.4604022879448,
    803.9891039545637,
    793.1942590845471,
    826.4478837595188,
    748.9933204733054,
    752.2737832549237,
    746.5234372480595,
    754.4874608873914,
    754.7042091787064,
    760.221527560811,
    753.888025596568
  ],
  "recorded50Y": [
    379.16615914392173,
    397.5829285365474,
    386.09689980449593,
    400.68963470986125,
    390.4411740352266,
    393.9023642207269,
    386.19850022049457,
    379.29014948799846,
    369.4082387206474,
    372.94281461621256,
    367.8729003115313,
    376.71389769234554,
    383.0414466892743,
    385.343397033554,
    382.53616283746294,
    390.5349485093594,
    384.7479169770016,
    378.36438159277543,
    371.46443397622,
    357.8264192021717,
    340.39747417894455,
    343.50436755501335,
    330.803632597187,
    345.2167505666989,
    349.0586998567609,
    344.62352459773797,
    350.18761625121954,
    336.81926517952706,
    345.5720216600964,
    352.53399713436295,
    365.7617177446891,
    373.8427341236192,
    377.58992536828754,
    378.0765419096309,
    386.77248803704254,
    381.4234341217194,
    394.2641546554901,
    387.38697473613706,
    399.03366223210674,
    394.8095484562466,
    405.0708888123732,
    397.94296288431326,
    408.2245431957149,
    385.5659194145873,
    376.44404887364465,
    388.564723526313,
    381.62374960828254,
    394.1258878088345,
    381.6863155611045,
    393.9020888141123
  ],
  "distance50": [
    18.740354051595247,
    33.49756083588123,
    23.357009774261343,
    38.290314583539335,
    29.420049591828707,
    33.32538811001878,
    33.50150771086127,
    28.702165680838846,
    31.06801934854456,
    35.80805638521805,
    22.68581481125205,
    21.669988975983493,
    17.48379968010341,
    17.097701780509638,
    12.007151897152283,
    28.024454748522942,
    23.831480806266146,
    19.16730165910618,
    15.322140741426313,
    25.703622820993367,
    36.455161096082286,
    33.25931270533675,
    41.372932149316824,
    27.433767718548783,
    22.44971438697645,
    27.024326815831746,
    20.814182235324935,
    34.86171558575524,
    27.006184611321203,
    28.384157916563378,
    32.23885743979974,
    36.848841852766334,
    31.314164137765058,
    29.678579104630856,
    17.804167829058752,
    15.114945379575715,
    25.89207138876981,
    17.656623112847296,
    35.04998451396118,
    27.85673764135985,
    49.55846111329012,
    36.887314076857976,
    69.29517827450817,
    23.94618706647727,
    16.641861712312984,
    27.744589746360482,
    17.188739599204474,
    26.675545739691902,
    13.217487422302607,
    26.900808419313474
  ]
}