{
    "date_time_concluded": "01-05-2024T17-55-34",
    "accuracy": 80.15219727298694,
    "smallestDistance": 28.55565408837924,
    "largestDistance": 129.0790739819389,
    "regressionType": "weightedRidge",
    "numCalibrationClicks": 27,
    "targetX": 768,
    "targetY": 371,
    "recorded50X": [
        787.3472479741888,
        788.920815762205,
        790.4543403083812,
        792.8333826405799,
        792.4984482975124,
        793.8731920821666,
        792.3947900705075,
        789.3882899370769,
        786.8163985778795,
        781.1339926590894,
        776.3786465842123,
        773.1505102402623,
        767.3510002932105,
        763.5751742997595,
        760.1422497858792,
        756.234092458408,
        760.0453301435768,
        765.9856560556984,
        775.3203182766144,
        785.5731964071072,
        794.2098219218879,
        798.6936487710045,
        787.6289793464045,
        773.138891801642,
        748.3907322342195,
        724.4786857898293,
        706.125199061463,
        701.8504039007481,
        700.9564522084385,
        700.3651328477595,
        704.8745777255842,
        698.9485085050819,
        693.913319852114,
        685.7302423304943,
        681.9403326955868,
        670.0317679725237,
        792.2530761271757,
        802.4001038937758,
        809.7521511115724,
        816.5735846060487,
        820.9285090250183,
        819.6178516928085,
        818.2137017319421,
        815.6580438739899,
        803.1852681509258,
        790.3618765926934,
        783.1177367473622,
        773.8988341642989,
        780.8893748665951,
        783.9721074820379
    ],
    "recorded50Y": [
        307.5589331930173,
        302.0927416383871,
        298.3948817864576,
        295.110040005717,
        290.51945229659043,
        289.82236008174965,
        290.2584681675638,
        295.2969738040915,
        299.758030998985,
        305.7097787152096,
        310.74943106925843,
        318.580140097508,
        324.9208879064901,
        332.11519053988604,
        338.270360570006,
        339.5479701313217,
        343.57467214616236,
        341.8730772813693,
        342.8865407452272,
        338.3176020031783,
        334.1392227319662,
        328.45183753812285,
        320.6625107779525,
        312.3718957873466,
        303.2587079455401,
        296.4415299625968,
        288.9405776165907,
        283.9248880975461,
        283.43704495156055,
        274.63646132159204,
        278.3295505730765,
        274.9275833034863,
        275.690451663654,
        280.2550151563566,
        280.52120604464005,
        286.954578628902,
        301.72674094500326,
        307.70141291956577,
        311.0769158802075,
        311.88039635234463,
        310.717653173135,
        312.60284242577956,
        309.00578568686547,
        313.0321897680834,
        311.9703010240933,
        309.9226250099964,
        311.3882778890154,
        311.56656911363575,
        309.32020373611954,
        309.0728700729471
    ],
    "distance50": [
        66.32559808839113,
        72.01312926869792,
        75.99803016846597,
        79.84975216810211,
        84.12664576474371,
        85.20112259364781,
        84.34631435476263,
        78.6664294451634,
        73.68497134818743,
        66.59815882279261,
        60.830360635633035,
        52.67228367872365,
        46.083682274159266,
        39.13575716945919,
        33.65967224506104,
        33.58074988944597,
        28.55565408837924,
        29.1964930870649,
        29.050880381508343,
        37.107362757078526,
        45.22910198070122,
        52.46376086176133,
        54.02924811027195,
        58.85289128427532,
        70.52237965013454,
        86.33116612729584,
        102.77275802994853,
        109.35192808962734,
        110.28194955338078,
        117.73022908890584,
        112.12774471249874,
        118.31321873561427,
        120.71762994448424,
        122.48659233268049,
        124.87064703989792,
        129.0790739819389,
        73.39615876686784,
        72.04219787237122,
        73.03436268545997,
        76.51483945573459,
        80.22087263652703,
        77.9399167700935,
        79.77906022213664,
        75.04369506479966,
        68.72050971899665,
        65.04228824708096,
        61.4988079347868,
        59.72544643133391,
        63.01216748855267,
        63.9537148132918
    ]
}