{
  "date_time_concluded": "08-05-2024T19-30-41",
  "accuracy": 60.080081256118646,
  "smallestDistance": 49.882363813956275,
  "largestDistance": 263.02550459517545,
  "regressionType": "ridge",
  "numCalibrationClicks": 32,
  "targetX": 768,
  "targetY": 432,
  "recorded50X": [
    778.1868744526827,
    776.2882350700188,
    773.3208111938225,
    769.634454250293,
    763.5728121629913,
    761.9741348481947,
    759.6885430997537,
    761.4080859824769,
    761.8403354606096,
    765.9686685968313,
    765.6269015984933,
    771.6113562076334,
    768.7162157498597,
    768.7713561958831,
    763.9395541559629,
    765.5580580351937,
    763.9786008913397,
    762.5239813416515,
    762.2462665835626,
    751.0785989234859,
    780.810798304484,
    770.5187765520386,
    772.6121718967016,
    766.6977634469404,
    763.20810409959,
    757.8081022629756,
    753.170970306348,
    755.2609048372204,
    742.2991020919543,
    761.6076197320863,
    745.1952238709657,
    752.5980418881459,
    748.4582239387462,
    741.9259614729979,
    743.2254583468078,
    742.4982443839746,
    746.9222703115634,
    746.9393607805173,
    752.0064507023869,
    753.1096448473168,
    752.4484827212814,
    756.9471721236132,
    760.4844018233617,
    769.806010687224,
    777.849070993072,
    775.3777841772098,
    778.2695859549407,
    770.3768235003433,
    774.7706074834875,
    774.8667222980068
  ],
  "recorded50Y": [
    633.4685538607471,
    630.7692215956811,
    633.7706560616955,
    627.3388357309057,
    618.2551018691652,
    618.5940966807543,
    615.7395540182744,
    616.3154145870444,
    609.1260256430643,
    591.1318930318257,
    586.4483688971185,
    565.8813905331124,
    563.7576804071416,
    552.3368093874917,
    535.6873509785838,
    523.4561089189373,
    507.95235515116974,
    496.8021062209769,
    484.62444897887474,
    478.9245821001705,
    668.9042321420399,
    663.3036706250757,
    691.885394015017,
    689.2835358481273,
    694.9818507069001,
    682.2804590023559,
    678.4333435024986,
    650.7758595133902,
    640.8289964978937,
    634.4127884587282,
    615.0387205779014,
    604.3355367289689,
    601.1396576383487,
    581.5044863899675,
    596.1241126960556,
    601.8787546977245,
    614.3678552544895,
    620.7571153115532,
    616.3308230740797,
    600.8878374773373,
    589.7696702625208,
    569.6268410647226,
    573.7548361610804,
    571.3072987495366,
    593.9752972373001,
    598.4324061615795,
    612.3371681688391,
    612.2066495929676,
    619.4147354056847,
    620.6032597699987
  ],
  "distance50": [
    201.7259294336141,
    198.94194704568682,
    201.8408003336474,
    195.34567357738447,
    186.30771042669505,
    186.69137089574983,
    183.92744228809093,
    184.4332545524491,
    177.23309630919752,
    159.14485755801826,
    154.4665991436454,
    133.9300885713818,
    131.7596270155271,
    120.33928154988479,
    103.76682501362555,
    91.4887038882506,
    76.05873982522031,
    65.03306659708853,
    52.93805888543345,
    49.882363813956275,
    237.25035671207678,
    231.31738430120768,
    259.9263167744762,
    257.28683145189285,
    263.02550459517545,
    250.48788980290425,
    246.8791058625166,
    219.14643791626867,
    210.40457678386446,
    202.51370189971703,
    184.45387240470293,
    173.02241916393697,
    170.2648078660003,
    151.76115094396053,
    165.983439783592,
    171.78221921127093,
    183.58187633571364,
    189.92840520857382,
    185.02336596847127,
    169.5429866563183,
    158.5342819216551,
    138.0699546806598,
    141.95392840991562,
    139.31900501903897,
    162.27446229933497,
    166.59585084898856,
    180.6293404152328,
    180.22232338829275,
    187.53699414483071,
    188.7282211832336
  ]
}