{
  "date_time_concluded": "30-04-2024T19-32-28",
  "accuracy": 74.5264294842933,
  "smallestDistance": 69.23527716714055,
  "largestDistance": 120.87036839653302,
  "regressionType": "weightedRidge",
  "numCalibrationClicks": 28,
  "targetX": 768,
  "targetY": 371,
  "recorded50X": [
    878.8291174299127,
    870.7989900835753,
    870.9344924993857,
    859.0571595752817,
    859.2054244794984,
    853.9372402609215,
    851.616982472682,
    845.4500113995416,
    859.0456935291736,
    848.546549373283,
    861.2563489067087,
    859.0570917648205,
    853.4895725223757,
    868.3948023236028,
    856.171911822488,
    864.852275880263,
    859.9959350183151,
    862.581543917149,
    859.8116454705021,
    865.7927151058823,
    856.2336797934049,
    863.72145836454,
    863.8906566153518,
    868.9530742328208,
    866.9261804297798,
    859.1871595485959,
    857.9002382971939,
    851.1168437474751,
    850.2723862167926,
    850.9150021909301,
    851.1071439145451,
    848.6551558405951,
    866.0479932359988,
    859.1133496448014,
    862.1984211637571,
    855.624823877981,
    848.1221968499208,
    842.5708770346338,
    840.5002942953713,
    838.5790364898384,
    835.3452216475345,
    832.1708835452057,
    877.1803199287303,
    873.0311249777252,
    887.0151279586023,
    886.9917648001683,
    884.8298018817352,
    887.3491515874858,
    882.8345813865276,
    879.944850417387
  ],
  "recorded50Y": [
    350.5125291925346,
    352.82989867325955,
    349.2609996479638,
    344.3713401535734,
    352.1041474911076,
    350.8328276513172,
    353.3627652250876,
    360.5535287249328,
    369.8013933554314,
    372.67456390548716,
    379.6584403805456,
    384.4866283250218,
    365.14650660049824,
    371.54811276617346,
    341.71211939968674,
    338.6655565577771,
    336.9212877060164,
    338.09913416937286,
    350.2306116185464,
    365.04985714254497,
    373.524961313797,
    379.48704321186904,
    396.0235938245046,
    386.81633876151653,
    392.141820514099,
    383.89347153450285,
    379.7718390865618,
    376.3457674207354,
    369.15927976485295,
    362.51143866647715,
    365.7367642870732,
    360.56971519849674,
    366.11121615732094,
    364.99072508771667,
    358.21556865164064,
    356.71896417575806,
    350.78325963098666,
    344.3439017228674,
    347.8883180152378,
    340.0995173423426,
    352.2739372831948,
    345.0072835309885,
    395.2355631948694,
    387.6494026328119,
    392.09609616282427,
    391.1000533535406,
    380.56992073098877,
    382.1246885207445,
    366.66366706541044,
    360.3830084729708
  ],
  "distance50": [
    112.70683089493788,
    104.39245635785674,
    105.20500882758347,
    94.87092196840406,
    93.14227126564667,
    88.27187606596353,
    85.4568417877831,
    78.15134693586496,
    91.05358295035187,
    80.56395459643402,
    93.65743537612617,
    92.05043782755311,
    85.68973331173666,
    100.39629854332142,
    92.9089122985024,
    102.10719649419866,
    98.10510023189498,
    100.14057829949115,
    94.13153423662457,
    97.97356443349592,
    88.26980049553349,
    96.09696922335532,
    99.10195898173299,
    102.18453781701257,
    101.16009959008409,
    92.0941891475902,
    90.32717202953266,
    83.28857631067288,
    82.29297530645714,
    83.34838487838212,
    83.2736394052928,
    81.32677913646368,
    98.16979772346942,
    91.31130197553435,
    95.06200205468782,
    88.78095372240873,
    82.63342555652373,
    79.19193947034398,
    76.0949572381786,
    77.04700007339754,
    69.90024537603044,
    69.23527716714055,
    111.83785040455857,
    106.34255884694525,
    120.87036839653302,
    120.67747194515533,
    117.22109874302879,
    119.86650357517006,
    114.91642556892654,
    112.44718779967846
  ]
}