{
  "date_time_concluded": "06-05-2024T20-23-54",
  "accuracy": 72.83060566228026,
  "smallestDistance": 72.2142950066551,
  "largestDistance": 163.46862484101976,
  "regressionType": "ridge",
  "numCalibrationClicks": 27,
  "targetX": 768,
  "targetY": 432,
  "recorded50X": [
    761.1431892846692,
    747.1296530454033,
    729.4709021951899,
    723.1733865463216,
    728.593693986636,
    736.5168120907848,
    743.6218749056159,
    761.0758133237398,
    763.0838758694861,
    782.4000832413756,
    784.4933056366983,
    792.0627604464129,
    797.6523441338202,
    799.0128567599397,
    805.6599702410145,
    795.0040003822514,
    794.4621539899949,
    786.0256266447345,
    779.1702345872272,
    777.6281544783594,
    774.3115202041657,
    764.1337701879879,
    768.0556801307603,
    758.595808142694,
    754.9237294303388,
    750.8080383041583,
    745.5446124660036,
    740.5031541633748,
    748.5112579210149,
    744.08405299995,
    758.3321995982647,
    757.2219136266259,
    759.1336983250104,
    749.8961545047043,
    748.2917730927892,
    748.7573255271682,
    742.3532471359381,
    760.4413040643733,
    748.2740222515897,
    751.403908235947,
    743.5544730478565,
    733.1101352153723,
    712.999243128078,
    722.5134128369236,
    806.8428893179364,
    795.4166451382852,
    794.4763413941735,
    784.702285722097,
    778.4983126960796,
    778.8240174709608
  ],
  "recorded50Y": [
    276.17135999152595,
    269.8761438874467,
    273.1368515678937,
    281.1295828377205,
    290.11365492433583,
    298.68425003170614,
    305.1386298597156,
    313.9546259799721,
    314.60349810215564,
    318.78635518825797,
    315.9305099319195,
    309.15379356793284,
    315.2328466611622,
    307.6520212568305,
    315.32253377450684,
    304.4398095002583,
    300.1639028715974,
    291.23889326155233,
    291.6400053605971,
    291.33161037895405,
    292.07413335640234,
    293.42026596500557,
    299.55642899480154,
    300.16594824205214,
    319.9057074289679,
    330.51204378973136,
    340.2211481417243,
    356.5007834248638,
    352.7558043373846,
    363.8609371769833,
    359.63270041171677,
    353.65525941026794,
    350.16075008019317,
    345.29071794889734,
    344.46405529183255,
    349.93844537929334,
    344.3101995433914,
    346.4364861631092,
    337.2144397420787,
    336.76683739123473,
    332.5593618385867,
    334.7013441182037,
    324.5007854249427,
    331.75412097808464,
    332.2405890932342,
    317.31422570402356,
    307.64710691844937,
    306.36584144313963,
    289.3051302637124,
    283.6579781384727
  ],
  "distance50": [
    155.97942460490253,
    163.46166554519485,
    163.46862484101976,
    157.3890340793975,
    147.25689074725614,
    136.98277377296606,
    129.18242998561254,
    118.24827562656455,
    117.49939120828327,
    114.12577171225537,
    117.23547097824012,
    125.18069689473498,
    120.47335643820234,
    128.157001767068,
    122.6046674615416,
    130.38718586185922,
    134.46561679418207,
    141.91057883811206,
    140.8037720940277,
    140.99750776959692,
    140.0681385728013,
    138.6336554310283,
    132.44358270934083,
    132.16904337781332,
    112.85441630264688,
    102.93380787034303,
    94.4859887905359,
    80.35053350428018,
    81.60547539250096,
    72.2142950066551,
    73.01022130022709,
    79.08264995524821,
    82.31812760764501,
    88.57905404515907,
    89.72711866418902,
    84.2874798984677,
    91.36332435167903,
    85.89673325780828,
    96.81640683034466,
    96.66843084641643,
    102.40129054810345,
    103.36503809844903,
    120.75249227547434,
    110.08299538357699,
    107.05470617880563,
    117.9173407794897,
    127.140232308158,
    126.73952873761563,
    143.08053822417904,
    148.73639367746387
  ]
}