{
  "date_time_concluded": "05-05-2024T20-13-56",
  "accuracy": 22.13388351209678,
  "smallestDistance": 219.56047890267325,
  "largestDistance": 432.56143459303667,
  "regressionType": "ridge",
  "numCalibrationClicks": 27,
  "targetX": 768,
  "targetY": 432,
  "recorded50X": [
    683.5165412655897,
    675.1367075911296,
    653.6856464719481,
    783.9407915662603,
    735.2815827560216,
    699.5907306926332,
    667.1475034183763,
    654.896693004081,
    655.5514455513791,
    671.7072407689061,
    688.6288013534584,
    701.0431864297414,
    712.7869586707436,
    724.2641406860004,
    715.3371339363337,
    718.2708760453013,
    719.1290082697544,
    724.4247642000117,
    733.9840304963168,
    752.6922194779925,
    754.2853464180076,
    771.5306713463071,
    767.7081611483593,
    753.4695600765053,
    739.9619956231379,
    742.570902891842,
    749.1891824119386,
    770.9368106029551,
    766.0397210246945,
    752.7949507185517,
    727.2389522169768,
    694.2345157160462,
    686.3495227007429,
    667.4676987380647,
    677.0533635936307,
    682.3622068821078,
    702.6838484031719,
    714.8861510572083,
    715.8325318961245,
    717.8464894136587,
    695.7720806793807,
    702.6682395880566,
    681.1909636070479,
    691.3148354866585,
    683.1077450497344,
    687.6050526403342,
    689.9213454174857,
    695.8853364457641,
    691.270860741594,
    693.1159466541201
  ],
  "recorded50Y": [
    699.7686509434493,
    736.6342089934531,
    748.7666104028765,
    823.1712377806609,
    825.4303388054626,
    818.8258731699655,
    820.2794101215538,
    823.8682135550623,
    821.7449435408741,
    815.1559805651834,
    814.9219963960363,
    799.0094905151396,
    789.8957729406887,
    784.9527105921228,
    769.3454696961528,
    770.9323126056829,
    747.9996483184061,
    760.0268489397685,
    746.37575474665,
    742.5330103972697,
    754.0182472701958,
    753.5296657367737,
    763.0101950138575,
    777.4080340849324,
    793.9648559556392,
    801.775150704692,
    823.4994361839647,
    841.9439562313087,
    854.043781708848,
    861.7415514711365,
    862.6366585426931,
    844.0398428878681,
    830.2152237629131,
    817.8878172763748,
    777.8211589143341,
    763.7400125097047,
    739.6976841703088,
    722.6231226210906,
    712.7928211132974,
    712.7687280415098,
    682.3198366291324,
    687.1951401446006,
    667.3610936277587,
    655.5398128336187,
    653.576150618501,
    636.3121541539019,
    639.6429218748365,
    646.3385030488646,
    648.7134507913895,
    680.5206365947884
  ],
  "distance50": [
    280.78017242640834,
    318.4738487946572,
    336.7623151254667,
    391.4959081556451,
    394.7884576827597,
    392.82831400100736,
    401.16346592266876,
    407.86401514260734,
    405.64245144371125,
    395.07062776572576,
    391.0614305943694,
    373.0672607073217,
    362.12962350743857,
    355.6521352449058,
    341.43131576725295,
    342.56108695755,
    319.7563941034707,
    330.9084689160709,
    316.2106913970515,
    310.91008135938716,
    322.31016629613634,
    321.549050051399,
    331.01032366533116,
    345.7135283653044,
    363.0491518189012,
    370.6484871929384,
    391.9510880080493,
    409.95447565198594,
    422.04833416655816,
    430.01045869196105,
    432.56143459303667,
    418.59070558088746,
    406.4998953010239,
    398.7682925200364,
    357.58015133181743,
    342.6153346101746,
    314.55375455268523,
    295.4367620177813,
    285.5977120306342,
    285.21299632061215,
    260.5319422631732,
    263.4251287784556,
    250.8598277786371,
    236.3274473651496,
    237.2818692472173,
    219.56047890267325,
    221.83746145801217,
    226.14490617471085,
    229.89580371387353,
    259.5575625154995
  ]
}