{
  "date_time_concluded": "01-05-2024T12-07-37",
  "accuracy": 49.94354403603459,
  "smallestDistance": 107.56129808171676,
  "largestDistance": 253.0557748830613,
  "regressionType": "weightedRidge",
  "numCalibrationClicks": 31,
  "targetX": 768,
  "targetY": 371,
  "recorded50X": [
    910.7808996983119,
    923.7728355470595,
    928.0824703095926,
    946.2226751151425,
    962.0519487861006,
    977.1973827577823,
    985.9276403932547,
    977.6555848274513,
    980.156527154707,
    960.0157911226806,
    959.1417746843742,
    951.2459285535513,
    944.4755058354548,
    943.9079532011419,
    942.9571758427633,
    944.0176111699489,
    953.9759367730901,
    958.5007296267172,
    950.8921005663747,
    954.6264910584503,
    945.5133019175635,
    937.452923968385,
    941.9655984370149,
    937.1330657798037,
    938.3784408721359,
    944.8542812668716,
    943.5573621115425,
    948.2168731843196,
    944.874796361067,
    935.5641277502266,
    1011.3177233644902,
    1003.2587459066904,
    1005.190922921894,
    1011.8839935527549,
    1009.5329801463463,
    1016.5522222640403,
    1019.8403707666039,
    1006.1264767429249,
    999.8008480255205,
    976.869809057364,
    947.9154955726192,
    924.5534927231201,
    895.6341721571737,
    881.2273020557111,
    870.1816394311618,
    877.7191969567839,
    890.1542304438703,
    910.3315787966183,
    911.1949308082471,
    926.2034762645937
  ],
  "recorded50Y": [
    354.67496013068046,
    355.9441814030823,
    345.176781581734,
    345.0251634077041,
    344.7335133167811,
    346.47563214178956,
    345.5694959308241,
    336.4391418147093,
    336.1254839917832,
    314.50253227187727,
    326.9293482617774,
    329.0982711424193,
    340.2998795922804,
    356.3453441179298,
    352.5959193860499,
    360.01189927306905,
    362.1034546833981,
    364.0162675208705,
    358.32155436306573,
    357.02765606832827,
    342.9890966467756,
    345.6371332120557,
    337.3314879065256,
    342.80603667464675,
    338.39644776926093,
    336.5808216983156,
    337.94568429934816,
    331.42075133657124,
    329.78742499841206,
    330.04932054048174,
    331.9357081926601,
    336.36225787376725,
    329.0275795260569,
    328.1049482258544,
    331.98003084067904,
    336.1421049221361,
    346.2279824437716,
    353.1648224230087,
    367.07882429629194,
    369.95951419038363,
    380.54647928851205,
    391.42965007349306,
    388.71622661023673,
    405.3628775005445,
    404.59085304341005,
    403.72825822371703,
    401.9962090549262,
    390.3401724537622,
    378.2048483949952,
    375.34136106444635
  ],
  "distance50": [
    143.71114168843795,
    156.4987347169124,
    162.15189147801846,
    180.10556365974398,
    195.82156967597604,
    210.62998260350045,
    219.40639686340987,
    212.48509869598954,
    215.00377643463216,
    200.1550096803954,
    196.15657107046857,
    187.97559738622303,
    179.12593768890122,
    176.5173275869455,
    175.92249305339087,
    176.36025005527884,
    186.18860753869652,
    190.62869801698707,
    183.33102147031636,
    187.14880058321168,
    179.70971889227283,
    171.34050441485888,
    177.19367411433504,
    171.46688749746048,
    173.46989575163306,
    180.17246359359373,
    178.64203082701903,
    184.51189204247697,
    181.61269208408982,
    172.49549285964102,
    246.43362878813355,
    237.79497619838838,
    240.87593901629384,
    247.62751821626532,
    244.6645427755515,
    250.98462112578187,
    253.0557748830613,
    238.79345151239292,
    231.83401123271324,
    208.87240063344828,
    180.1685899760198,
    157.88086231691733,
    128.8578541942722,
    118.32679020801955,
    107.56129808171676,
    114.49646748786549,
    126.02547754764063,
    143.63955093663867,
    143.37607209563788,
    158.26303206400974
  ]
}