{
  "date_time_concluded": "06-05-2024T20-30-21",
  "accuracy": 61.546852561703254,
  "smallestDistance": 18.338159918589632,
  "largestDistance": 374.4552877208885,
  "regressionType": "ridge",
  "numCalibrationClicks": 32,
  "targetX": 768,
  "targetY": 432,
  "recorded50X": [
    845.4247734338663,
    802.3464882158028,
    803.3316857835028,
    808.7012544586819,
    821.4129939090313,
    830.5663916102866,
    852.5685416364979,
    859.7152051544563,
    867.2550297647203,
    854.0343734313552,
    847.3470670694891,
    829.3977821278161,
    821.8024992141499,
    796.5143638239667,
    789.9247531829592,
    769.6527195016777,
    771.6577920992103,
    778.3181381140478,
    792.8224536363075,
    758.8089864340893,
    719.609813026284,
    640.6939062208105,
    556.44266158465,
    509.4959484851762,
    506.5738992108961,
    520.928297837459,
    586.7462118867156,
    647.1597069542983,
    718.6292113024251,
    767.1762851969564,
    829.0775661056737,
    854.4721237802958,
    904.2239801709421,
    908.9697416064674,
    947.0041562168244,
    946.078908599653,
    972.6615703661789,
    976.1165952696128,
    985.7543712898947,
    986.8484844040394,
    981.1201852212757,
    972.5057932743932,
    960.7579365498226,
    938.3313024850212,
    921.7114218147815,
    914.1769829112741,
    894.1336375095276,
    886.6008625830859,
    868.9408601210089,
    858.4242077319451
  ],
  "recorded50Y": [
    405.8002842373267,
    395.7163689220634,
    387.6208376623107,
    375.62373375404786,
    378.8014697348094,
    370.89982347422074,
    373.82234732187806,
    370.0222739691087,
    367.5568905155197,
    369.4857984130215,
    369.3595133805696,
    375.4975763145984,
    383.6373377402515,
    395.02984947152834,
    402.7447721597283,
    403.8700305741635,
    403.7424011987656,
    416.8400483160664,
    442.00875674230304,
    460.63207501506747,
    514.2884931245504,
    544.2669149210888,
    590.3911872385162,
    640.8356761275679,
    666.0745463422569,
    713.3757923003293,
    725.9270021776101,
    752.2887099770156,
    749.845626688344,
    743.9931584725243,
    710.3492180240166,
    705.6412268628915,
    661.1054161421383,
    652.4544481107769,
    615.9159582062384,
    590.234908968015,
    550.6938653669275,
    515.6586641818462,
    478.41888897611403,
    449.21313690421164,
    422.33353763533796,
    403.4714979676278,
    388.24239328078386,
    379.5746583413789,
    378.33492082731385,
    378.099228438752,
    392.28747310669064,
    397.13389270649736,
    404.5562077390424,
    407.2489257841097
  ],
  "distance50": [
    81.73751065043763,
    49.96181679000559,
    56.725991133687195,
    69.53326909001801,
    75.38588422710592,
    87.45161479705864,
    102.64734534151515,
    110.69289670292409,
    118.34050571813626,
    106.34819609087532,
    101.09296521741281,
    83.43986776439307,
    72.34401165638451,
    46.68898129519851,
    36.55903661367305,
    28.17847869651098,
    28.493355945773892,
    18.338159918589632,
    26.76433104064497,
    30.071089937632873,
    95.46206731503555,
    169.73715473995307,
    264.2806758584775,
    332.3201532757788,
    350.90525704116783,
    374.4552877208885,
    345.32016783636055,
    342.3262101594207,
    321.6571422827834,
    311.9942458439553,
    284.97150077854184,
    286.9790048594204,
    266.5450515002588,
    261.6727569702689,
    256.64677598952244,
    238.22339117760785,
    236.58950116286377,
    224.3017818014533,
    222.64698396707314,
    219.52437497468978,
    213.33929277889317,
    206.48606468960546,
    197.6622124958107,
    178.21663517827662,
    162.8101407128326,
    155.79795732916642,
    132.2375865767246,
    123.61961835911835,
    104.60506190252782,
    93.7504827656395
  ]
}