{
  "date_time_concluded": "30-04-2024T19-22-55",
  "accuracy": 86.15466160666693,
  "smallestDistance": 2.3004068068304147,
  "largestDistance": 116.36792911330706,
  "regressionType": "weightedRidge",
  "numCalibrationClicks": 30,
  "targetX": 768,
  "targetY": 371,
  "recorded50X": [
    665.6805528535148,
    672.8530802956979,
    670.0877893160977,
    677.199451837427,
    671.8296468635313,
    677.0645870321147,
    674.8076860204185,
    663.2195662246228,
    664.3006423112264,
    661.1766662476908,
    668.9637109571818,
    676.5099456401326,
    688.8018804516726,
    696.7576356238878,
    699.5314600653736,
    702.3950138631792,
    703.2562252648511,
    715.3821375181117,
    721.1620737004368,
    736.8355947450509,
    730.9286459308132,
    735.0179247015772,
    734.5941434540638,
    730.2091896955426,
    736.8026399229166,
    724.3366152947948,
    732.5019226296646,
    727.3229582153282,
    752.8123597922918,
    755.2864273472868,
    770.8859963710529,
    771.6361110108874,
    766.6370214640637,
    764.5594753506648,
    762.7817784426397,
    759.2615464228944,
    757.2157399340188,
    768.0338584346721,
    761.4452076352597,
    771.0341821598281,
    771.7547875948221,
    774.8662882260455,
    768.6506530063984,
    786.6798425810455,
    781.2290113842735,
    791.1233070446505,
    787.6482210472972,
    764.1708136589556,
    652.2216215134299,
    670.7219975543316
  ],
  "recorded50Y": [
    357.0017825621114,
    352.08540650961254,
    347.7229188582585,
    347.80869888337503,
    339.2781598240143,
    341.8286978042699,
    339.64153764934304,
    334.1151253728887,
    336.74047360048996,
    331.4316897712763,
    335.77551957689957,
    342.6233739156344,
    354.3634373691474,
    366.1960272295844,
    376.8584898099876,
    375.3608789453295,
    384.86103516536866,
    381.4306477768499,
    393.20903498577786,
    380.09723505537113,
    390.43646247033877,
    382.4037269375736,
    389.49283072714206,
    395.2300814818195,
    385.45800056855103,
    386.3912314343592,
    368.37108041597,
    376.2456645782373,
    359.8656018605782,
    376.3547338979504,
    357.19300730553766,
    369.819339566934,
    354.9613142890753,
    364.6351624442774,
    347.117133288997,
    349.9831662287464,
    342.3242734406458,
    351.3933789404824,
    350.16914343925777,
    366.1597920231109,
    365.1134164746851,
    372.3231772094633,
    368.7935272169872,
    383.2480834747189,
    373.5615722499791,
    394.55612924866284,
    378.77210664147503,
    386.35050296068493,
    359.3011965936605,
    358.4238279089204
  ],
  "distance50": [
    103.27254889756907,
    97.00875309024195,
    100.64106273031948,
    93.71539891664396,
    101.26703296998429,
    95.49981258324256,
    98.32680481875974,
    111.08300175280613,
    109.21205031580963,
    113.9160910859996,
    105.11398845277456,
    95.78968083621213,
    80.92661710563124,
    71.40414999338365,
    68.71872280269226,
    65.7497640390311,
    66.2109104514603,
    53.641754866965485,
    51.8365949406673,
    32.465055683725105,
    41.85763211033203,
    34.8978835899482,
    38.182928644492414,
    44.89144898622785,
    34.384721261330895,
    46.29666477167394,
    35.595290631902635,
    41.013884541936655,
    18.831867592088567,
    13.795220357561375,
    14.1053898322119,
    3.8229912819288416,
    16.09649495459318,
    7.235217133812916,
    24.446291304761004,
    22.76110438198758,
    30.63653960351216,
    19.606650294354633,
    21.83780868125451,
    5.712606641329314,
    6.982141181810843,
    6.99261838875643,
    2.3004068068304147,
    22.337235004725226,
    13.474731707796634,
    33.00876480362285,
    21.129558253070787,
    15.820891541896055,
    116.36792911330706,
    98.08756223030485
  ]
}