{
  "date_time_concluded": "05-05-2024T19-36-47",
  "accuracy": 76.3578306556147,
  "smallestDistance": 36.29395322058302,
  "largestDistance": 138.12480970131432,
  "regressionType": "ridge",
  "numCalibrationClicks": 29,
  "targetX": 768,
  "targetY": 432,
  "recorded50X": [
    882.4507491339632,
    886.8653463191728,
    873.5221969732563,
    872.4513251420553,
    874.5379060948267,
    861.570869645999,
    864.7251992632589,
    847.0267010392902,
    854.7280320490888,
    842.5788797072422,
    846.2294103097792,
    850.6757125834515,
    853.5980119789585,
    856.8220490780559,
    858.0154803281985,
    839.4964077507229,
    849.614948744523,
    845.1395753749457,
    836.6829518088058,
    866.1307581470226,
    827.5520333241254,
    767.6957896028691,
    736.4582544080765,
    738.2680238848923,
    695.8134073708313,
    678.7006028333926,
    683.6583215457999,
    669.1648518899228,
    700.9494561852457,
    707.0098104444279,
    720.8695153688411,
    719.7446641623715,
    716.7434047584322,
    705.5045184948415,
    717.681815287685,
    712.6575748680343,
    738.3152461700779,
    761.7483513710711,
    794.2332883852208,
    811.1742508547653,
    825.5853933807639,
    822.5558915572365,
    841.6844067355064,
    847.0545305895789,
    871.0592476275955,
    882.9963031408302,
    875.6734517164978,
    881.166803590119,
    881.9206488174618,
    884.0749908716193
  ],
  "recorded50Y": [
    472.35676096099905,
    474.01356764269144,
    479.97869528255364,
    481.93218975458467,
    481.6399782253386,
    475.9818927170849,
    482.2430410820772,
    477.38958537672113,
    479.83871259792977,
    473.91622658175817,
    469.5871327577121,
    463.04088707259285,
    461.597194479609,
    473.9944512611917,
    474.7155493892867,
    496.0148472130153,
    490.5615811388616,
    489.74974697208665,
    494.33949915242596,
    471.37513718361754,
    494.4242360041368,
    357.1146333471943,
    376.79837635835844,
    411.185086195986,
    454.17390765967815,
    485.83912728432233,
    521.7493416647437,
    522.0178229720816,
    531.0915715946335,
    528.5120029563373,
    515.7902980048532,
    518.2017450361966,
    518.7491687682659,
    513.5208008405671,
    513.2060162321133,
    508.64733493879993,
    502.5442552305333,
    505.4925875307239,
    513.9390285021818,
    516.4412777470369,
    529.2240107500141,
    521.3103021050883,
    527.3053608203186,
    514.9725013617704,
    521.2876036259838,
    508.513484556427,
    495.64492400114534,
    481.7614608957462,
    470.2330407162048,
    462.0779642721028
  ],
  "distance50": [
    121.35749722447558,
    126.07184626887911,
    115.91759683101975,
    115.77263449373177,
    117.53490066053655,
    103.39204289153832,
    108.99599694343107,
    91.13415352009368,
    99.04692810044692,
    85.5510335953961,
    86.79074366752283,
    88.31087204549021,
    90.57048954164777,
    98.24912385946848,
    99.6363631328687,
    95.96685357436351,
    100.45127497475868,
    96.3615450497083,
    92.75538272114485,
    105.73574193591368,
    86.27415553766906,
    74.88598455446031,
    63.577519357545434,
    36.29395322058302,
    75.5154708408117,
    104.27384121176772,
    123.16031444311345,
    133.68468481682527,
    119.6449538716475,
    114.1681651629239,
    96.13582381875139,
    98.78926198776749,
    100.76039319962477,
    102.71964845271333,
    95.53186266912674,
    94.53887016834825,
    76.53545946797273,
    73.75800656566513,
    86.03597974907665,
    94.83852236524162,
    112.99816722910239,
    104.6550302933743,
    120.4678529610894,
    114.60390389933343,
    136.35792856609712,
    138.12480970131432,
    125.07697052477943,
    123.6241417575202,
    120.16521805164105,
    119.9086629089008
  ]
}