{
    "date_time_concluded": "08-05-2024T19-52-25",
    "accuracy": 85.97240141514794,
    "smallestDistance": 3.4561012863076876,
    "largestDistance": 111.89024807556925,
    "regressionType": "ridge",
    "numCalibrationClicks": 38,
    "targetX": 768,
    "targetY": 432,
    "recorded50X": [
        767.3208447118753,
        773.8880561506551,
        781.3103020002723,
        773.8139713416158,
        769.1323658094743,
        768.7326326178943,
        766.8500883006907,
        763.8603154468299,
        764.8153726310267,
        768.00222132238,
        775.6844012901529,
        787.6573803549002,
        797.6596575340408,
        799.9217496229116,
        801.3769107917678,
        804.1416118505888,
        813.1644527411514,
        811.8164187153359,
        818.9621809665271,
        762.337531418703,
        770.878471637337,
        774.8168590892082,
        769.4514510920092,
        767.245422594458,
        756.7124540580999,
        750.3957219920053,
        744.6976934888678,
        747.323932780829,
        760.6148939713906,
        768.2208550838259,
        784.343558907786,
        793.1864287123972,
        801.3489013960789,
        804.7873224985449,
        809.7731618457708,
        809.5569852718668,
        803.7365978948353,
        803.5747973584936,
        797.7897381127987,
        796.4304006729844,
        794.9102536479644,
        786.3562492226284,
        779.055920026794,
        761.977970775413,
        746.3776001843532,
        732.6808036853477,
        720.4009081167833,
        720.1863836206899,
        727.959164730546,
        745.1389272813603
    ],
    "recorded50Y": [
        442.23253909826593,
        443.30069097313867,
        446.1270625054903,
        446.2610523865143,
        448.02281193068967,
        444.55167475830956,
        443.87065987938286,
        436.15160633423295,
        430.65732184720105,
        436.9569236905502,
        441.541422378436,
        453.92180991976556,
        464.57108507601424,
        467.89314155207717,
        470.44904624495655,
        467.3652198820456,
        464.8523118631328,
        459.25577198489316,
        458.8299921193408,
        504.6545709414978,
        505.24975763376045,
        501.55109611607736,
        495.50349026796346,
        499.6957216254508,
        500.5183024699336,
        500.87099346415675,
        506.95392073289804,
        503.1106305215259,
        499.23016118069427,
        512.0164024805019,
        507.4998822490852,
        521.9434092805163,
        526.4336925209711,
        529.4260911853899,
        533.0777247046206,
        529.830106687705,
        529.6048020892204,
        530.0927384619779,
        533.7130209782808,
        537.2694527291351,
        540.606012094242,
        535.0903002837251,
        530.142685702723,
        515.2106509136236,
        497.78288641451354,
        484.90220928702206,
        469.73434761430275,
        457.08415775014544,
        447.38893281531114,
        443.9633372440635
    ],
    "distance50": [
        10.255052818144266,
        12.742637941323016,
        19.40974070853296,
        15.400645373880746,
        16.06277542931849,
        12.573038208451766,
        11.926225844255937,
        5.862834071863071,
        3.4561012863076876,
        4.956924188265417,
        12.251071960927435,
        29.444496133837085,
        44.05191106031087,
        48.03452622297121,
        50.915099245198725,
        50.56594589705659,
        55.84892287376934,
        51.60189585209175,
        57.59333612484122,
        72.87489436786385,
        73.306292992973,
        69.88436548177246,
        63.52007546032848,
        67.6999269826156,
        69.44182073327148,
        71.08533143288204,
        78.49259660612788,
        74.05553003537715,
        67.63456485729714,
        80.01670727347964,
        77.24858663689584,
        93.40328187107312,
        100.14924616526432,
        104.14005156651231,
        109.36957292618465,
        106.29069949630538,
        103.94133835954308,
        104.34438914511827,
        105.98569305975843,
        109.04102604211884,
        111.89024807556925,
        104.71180400562233,
        98.76345541030012,
        83.42827615053965,
        69.24533427468215,
        63.60887812059598,
        60.74170344980409,
        53.99404486887434,
        42.896243917966856,
        25.802133319982037
    ]
}