{
    "date_time_concluded": "06-05-2024T20-40-27",
    "accuracy": 40.359787210178744,
    "smallestDistance": 222.67067459788086,
    "largestDistance": 316.6961548310142,
    "regressionType": "ridge",
    "numCalibrationClicks": 32,
    "targetX": 768,
    "targetY": 432,
    "recorded50X": [
        717.5985094305511,
        717.9660168373068,
        712.8059893301738,
        711.6139456502289,
        711.6891614535114,
        717.7172694182428,
        720.6993713762777,
        718.9036196118315,
        725.711277337984,
        720.1285284504088,
        725.6385985143654,
        725.394153868099,
        734.5727312183039,
        737.3959582672533,
        747.8992754338423,
        751.7073974603421,
        749.0341744450598,
        646.9268146802699,
        642.0994754436435,
        667.4894021003693,
        647.2047764945905,
        668.7539199107798,
        660.632899852083,
        677.3360992410278,
        675.8179621373419,
        690.3372852913456,
        680.2037490344976,
        689.8308674434231,
        691.0599151680985,
        700.399977850832,
        689.7675336105816,
        698.2146871643395,
        676.1876272879067,
        684.5776590456624,
        669.4137191835093,
        675.9689077193552,
        666.2000997650738,
        669.2554863765286,
        669.3792228433874,
        677.9298740608689,
        682.2461666967474,
        696.5501321632146,
        692.9822742347333,
        713.7857702862129,
        700.8535920874137,
        716.2484386026783,
        711.7966844333554,
        710.7988795101169,
        719.4291572384657,
        719.5613015789363
    ],
    "recorded50Y": [
        664.901932701064,
        665.8904142851695,
        655.0173333342569,
        652.2444189767915,
        652.233887771615,
        656.301272966299,
        668.000194330454,
        676.1526362085963,
        680.8245390803564,
        686.4813833954079,
        692.8075709503187,
        691.2793757322099,
        708.0171099624308,
        712.3661395020026,
        727.4115054788391,
        736.1188490610765,
        741.7532504277603,
        724.6392630548471,
        720.5441982365326,
        715.5853596939519,
        720.0793633345863,
        708.3372650424848,
        710.0025355539819,
        695.6991368645517,
        691.8622575642667,
        676.3338314928367,
        674.541355701886,
        659.0752974565901,
        663.8067504458004,
        648.0066940419201,
        660.8179338413819,
        654.8721660215169,
        669.732744467224,
        661.2663820614698,
        681.7575059779037,
        659.4907455506332,
        680.7343783572526,
        663.6121580802701,
        687.4312870508934,
        664.326962741513,
        672.6299223676231,
        649.7063674533495,
        649.2843874020373,
        647.9700132481731,
        655.6654768547469,
        659.7415122381537,
        663.4467148166777,
        655.1042814936316,
        662.3650909695604,
        662.6227577693741
    ],
    "distance50": [
        238.29313986666335,
        239.18220118899504,
        229.74575030094454,
        227.34773193405698,
        227.31888584279355,
        229.86825367818798,
        240.69366670565168,
        249.04008579910766,
        252.3925262620443,
        258.944882712835,
        264.22542913359536,
        262.75664178988836,
        278.03385997071723,
        282.0315222623813,
        296.0945739073223,
        304.55495932877056,
        310.3333348023432,
        316.6961548310142,
        314.81533701446176,
        300.8704646901874,
        312.3799058854177,
        293.61891707489895,
        298.0152747236554,
        278.84974033328837,
        275.72798372836553,
        256.37963738933666,
        257.942805500185,
        240.15329271039894,
        244.24198289029218,
        226.33748002813783,
        241.82217773564628,
        233.5422708519672,
        254.84577605866411,
        243.97204945209936,
        268.51083135979934,
        245.4012250530781,
        268.7601359290656,
        251.78298342289926,
        273.80869250527843,
        249.17553090820795,
        255.4534780832908,
        229.13128560636787,
        229.86988534314665,
        222.67067459788086,
        233.52705546087103,
        233.5474694865733,
        238.17303474599385,
        230.3204042330764,
        235.42982373518336,
        235.65475574636326
    ]
}