{
  "date_time_concluded": "30-04-2024T19-44-37",
  "accuracy": 73.21667710791243,
  "smallestDistance": 53.34219389908027,
  "largestDistance": 143.501208471918,
  "regressionType": "weightedRidge",
  "numCalibrationClicks": 28,
  "targetX": 768,
  "targetY": 371,
  "recorded50X": [
    835.944648601125,
    837.7388917092164,
    820.7406997294293,
    837.9004955819507,
    844.40120443947,
    858.5903159235866,
    853.2505560869233,
    863.2417052263934,
    847.246634312389,
    854.2735288110393,
    850.0238281439059,
    853.0640511140969,
    852.6925070520326,
    856.9511559279229,
    856.7777050240816,
    861.0087276844191,
    850.8075441515898,
    863.7389395255161,
    850.4616966244123,
    857.7296390401568,
    846.9856125660497,
    839.1143370660004,
    826.0222744862856,
    818.9420875911164,
    814.145748253822,
    826.2629153752255,
    831.8265129214096,
    844.4940744056717,
    860.8487539644366,
    834.1798914447181,
    831.9736200365271,
    858.9809536309292,
    852.0281493132018,
    871.2984501285644,
    869.4119852196226,
    874.3322185572069,
    878.4390922717305,
    880.6247629066161,
    888.73696907537,
    898.4914539405246,
    892.666030445821,
    893.9031709435213,
    878.4149668466436,
    878.4414221487446,
    868.1448966847437,
    880.3460702767845,
    865.7799319004124,
    869.1848965537645,
    862.2093941122023,
    854.8269588151358
  ],
  "recorded50Y": [
    360.59791031802547,
    360.41058386618,
    363.0119938647208,
    367.18030503622896,
    374.1880056621693,
    381.3047718588031,
    387.4823047307565,
    398.1266163409058,
    397.44960761337575,
    407.42906600847095,
    422.35736712431645,
    431.1707436033696,
    453.58026590038287,
    463.54950864198963,
    475.3647775275026,
    478.2595316152811,
    482.81368479342757,
    477.8955204460432,
    477.42212652168394,
    462.3599547879471,
    450.31485577016406,
    435.93820535161103,
    420.99329589040644,
    415.22717441320856,
    406.8767659698708,
    405.1227381207517,
    398.96490805960093,
    403.1404856669037,
    400.81598606108787,
    399.1705411541505,
    390.1204928666941,
    397.83784920512386,
    389.8879091154914,
    390.6025404209844,
    384.5709449563901,
    381.94761845185974,
    376.6938948447571,
    373.9419179513807,
    370.7665192415923,
    376.0136740158505,
    375.3538736216397,
    375.9590909826652,
    371.8748017577385,
    370.32001036365415,
    360.1100866344411,
    370.6832068339754,
    362.9558281132572,
    367.975958457033,
    363.1448833906743,
    360.5561993629623
  ],
  "distance50": [
    68.73629858584324,
    70.53827862150467,
    53.34219389908027,
    70.00478092400955,
    76.46768873127861,
    91.17452309827127,
    86.82927894648888,
    99.0294689904874,
    83.54406497617323,
    93.64933861890734,
    96.77544906288388,
    104.19410337309941,
    118.28914179643257,
    128.365570503883,
    137.0163774798763,
    141.9691182891685,
    139.13802311194976,
    143.501208471918,
    134.63135007706754,
    128.05486894738746,
    111.93557673177921,
    96.3027489255874,
    76.58925492879271,
    67.46213193130905,
    58.45145351795796,
    67.51983830607185,
    69.68399984565183,
    82.972008762503,
    97.51863482198397,
    71.92605522724267,
    66.76988324119822,
    94.8567555504101,
    86.12481052377878,
    105.14194876413421,
    102.31598747602605,
    106.89429850588442,
    110.58577458383583,
    112.66317988146855,
    120.73719482732484,
    130.58773479408111,
    124.74203526731306,
    126.00079776337888,
    110.4184322559451,
    110.4435154825431,
    100.73524976445616,
    112.34651692218254,
    98.1102633968167,
    101.23007516469406,
    94.53630411611384,
    87.4528086960703
  ]
}