{
  "date_time_concluded": "02-05-2024T09-59-23",
  "accuracy": 93.09842217134536,
  "smallestDistance": 5.496047492595774,
  "largestDistance": 48.99238452633157,
  "regressionType": "ridge",
  "numCalibrationClicks": 29,
  "targetX": 768,
  "targetY": 432,
  "recorded50X": [
    798.9765625731166,
    801.2749110939226,
    793.9907125668101,
    787.4520217722612,
    782.6190951692529,
    762.4745771626219,
    749.0163481147229,
    741.8245980980817,
    736.3239047992342,
    746.292049650525,
    755.4033721866747,
    762.7358347547924,
    762.3257944965341,
    774.2914870823643,
    765.7677944979201,
    773.5149508552508,
    768.1774401395951,
    776.3212457569941,
    783.2126181876662,
    794.2716171465252,
    793.9940973978823,
    800.2892311175681,
    795.8796621637516,
    800.5050514795562,
    802.8686377127184,
    802.2236458667633,
    804.2608933606759,
    803.922514052667,
    807.5859590870976,
    787.328233206548,
    794.7554628310627,
    798.2376794981673,
    794.1052467014077,
    806.0127285720134,
    804.7301098298508,
    805.6857854905434,
    806.1461727445153,
    800.8572626991094,
    796.0863258989032,
    788.746165330311,
    783.1195638221911,
    777.9023522459333,
    770.1050367555576,
    773.6557952924155,
    770.9845584347003,
    777.1781837542271,
    780.8430077441966,
    788.3687746317617,
    792.5574902005224,
    800.7154050391089
  ],
  "recorded50Y": [
    433.6799207054644,
    445.35692304705697,
    439.95675583510325,
    445.42222622769464,
    447.6043087381163,
    449.5760683302416,
    455.712157842074,
    452.98067735311804,
    450.2514648271464,
    446.32346197509077,
    442.7765694794515,
    439.6516155668262,
    435.1299346532442,
    429.60972652429837,
    426.97767019826927,
    423.4769823838368,
    424.4902967739595,
    425.5756672054761,
    426.6712179447467,
    426.16050556602534,
    419.01184419419565,
    422.0498713318286,
    418.02095092552884,
    429.49633727274534,
    437.58298516278956,
    447.8044132591241,
    452.5145394390305,
    458.2833026529882,
    460.8653007039692,
    443.0293891013878,
    430.75429577544367,
    419.86619658735253,
    404.0332745932676,
    405.1761127289253,
    402.2133486095751,
    408.57901189940185,
    414.58337856710057,
    421.5225324133232,
    427.65528105226883,
    418.16207657349287,
    413.85219035528365,
    400.6355954408199,
    385.6587814109249,
    384.4307963998268,
    389.0665819757402,
    387.3663138637605,
    399.09947862080924,
    410.1877804808995,
    413.0202274400692,
    432.1900690309552
  ],
  "distance50": [
    31.02208185184955,
    35.85564253494077,
    27.18137419539324,
    23.633393914881086,
    21.382525453325794,
    18.424127536497902,
    30.37507972711872,
    33.546094957872384,
    36.558049394142145,
    26.007627176025572,
    16.577378623078086,
    9.287553849714575,
    6.480208255075001,
    6.730246429084084,
    5.496047492595774,
    10.151675340615473,
    7.51179922164738,
    10.512620168306654,
    16.11892274055874,
    26.91277694215177,
    29.058308463612313,
    33.78756437917496,
    31.187968439630637,
    32.60132970816439,
    35.31276850189936,
    37.696649915858565,
    41.66171762793572,
    44.5111111320829,
    48.99238452633157,
    22.25371930344492,
    26.78444642548086,
    32.58138190271647,
    38.25730826021259,
    46.52406325570552,
    47.29001553359443,
    44.370723587153826,
    41.93410541780203,
    34.48734607226463,
    28.420385029660896,
    24.937752518430216,
    23.620842598734086,
    32.8904614341979,
    46.38900430126397,
    47.90424982759294,
    43.0370302448482,
    45.5675871111769,
    35.31836852036178,
    29.84392568595703,
    31.03710829596489,
    32.715957163278574
  ]
}