{
    "date_time_concluded": "03-05-2024T19-44-55",
    "accuracy": 72.54054230510576,
    "smallestDistance": 68.67275469401869,
    "largestDistance": 160.30747943846438,
    "regressionType": "weightedRidge",
    "numCalibrationClicks": 28,
    "targetX": 768,
    "targetY": 432,
    "recorded50X": [
        869.7864078876028,
        846.458578001499,
        827.05021792453,
        807.1369085188364,
        811.4971457316872,
        824.7879299364697,
        849.2282580427058,
        867.6139782557151,
        879.4490473470872,
        889.1992331425026,
        891.0040647072649,
        899.1771412380108,
        895.8054938382566,
        899.5702841013517,
        898.6827731980521,
        897.5050711862791,
        896.1598049184024,
        896.5762328568335,
        890.0480916157135,
        883.6607506458822,
        862.8747452831058,
        859.5389480195535,
        848.8699234335061,
        856.9562482373391,
        832.6931809942125,
        837.4519461442692,
        851.9555218931056,
        859.2617121623905,
        875.3005676472878,
        881.4424142967637,
        890.3689593588014,
        894.4738733636646,
        891.430410225051,
        889.9482473161416,
        887.7302519075761,
        883.0345189126675,
        885.8919613075278,
        885.8802256253163,
        888.6483632413526,
        890.9358888820841,
        888.4792594523499,
        886.1710012820572,
        882.6242699661564,
        890.125209226353,
        887.853317103964,
        897.3014842575787,
        899.6285798678687,
        886.8553319579643,
        891.0773155790381,
        879.2447849507929
    ],
    "recorded50Y": [
        447.58754940393084,
        462.528504969896,
        467.057367276086,
        489.56000363904593,
        494.97072626073293,
        492.83572478034483,
        488.86336337855363,
        473.3776973234451,
        464.3383075573123,
        456.64070903836887,
        454.29556042500036,
        463.02154342204005,
        473.1778841654682,
        492.34686415047076,
        507.74100079012123,
        520.4044303372718,
        525.0537026120762,
        527.7425731232403,
        517.282331662896,
        521.3550850233977,
        515.4173383473662,
        506.97679776181633,
        501.0166040483393,
        478.7592112720427,
        495.5697358620281,
        497.79166597139954,
        491.4217678672452,
        493.13480680901614,
        483.49661702610706,
        478.2891068614855,
        465.34817935718894,
        449.4163586300625,
        445.1175707211639,
        437.55718292730614,
        439.75777289285895,
        446.75292505931856,
        436.0918677935508,
        442.28374321720423,
        436.49701232713375,
        442.33729932786986,
        447.38458195341946,
        451.8684633978389,
        461.5166718546741,
        459.50179425410255,
        461.80548305826636,
        460.7736702799473,
        448.6398899021048,
        451.18514232700124,
        445.22866289441515,
        445.8547090338534
    ],
    "distance50": [
        102.97302815340251,
        84.18870516710814,
        68.67275469401869,
        69.60496840986822,
        76.53309122600362,
        83.22171829528187,
        99.15377955163297,
        107.86592835423387,
        116.04592319527909,
        123.67869119716728,
        125.00836751663407,
        134.7953209116049,
        134.27532312225262,
        144.74972770719046,
        151.0453124443876,
        156.80212615338087,
        158.37906164180822,
        160.30747943846438,
        148.89194995330604,
        146.1565614658048,
        126.33158603252465,
        118.32539544469233,
        106.31667860926797,
        100.49695487549172,
        90.6990572427187,
        95.66669292140645,
        102.85658050320603,
        109.84609556277701,
        119.01812207627766,
        122.52290714602145,
        126.8316335974398,
        127.66742024314273,
        124.12548823649843,
        122.0748020910392,
        119.98131630428465,
        115.9766758416309,
        117.96295148467394,
        118.32794669068191,
        120.73214432241217,
        123.36973912845122,
        121.45755357353498,
        119.82963482292362,
        118.3636649595255,
        125.18352693455914,
        123.50378310464801,
        132.46432701898277,
        132.67618088408352,
        120.39376902873828,
        123.78619927971054,
        112.10421553697657
    ]
}