{
    "date_time_concluded": "06-05-2024T20-42-29",
    "accuracy": 53.57320514577438,
    "smallestDistance": 60.93996076454291,
    "largestDistance": 583.8831974731175,
    "regressionType": "ridge",
    "numCalibrationClicks": 27,
    "targetX": 768,
    "targetY": 432,
    "recorded50X": [
        853.2842687318173,
        858.1641005158581,
        852.9972563672025,
        846.8564222754704,
        838.6893563063131,
        828.0851756275258,
        819.6513967295789,
        807.3525005744375,
        801.1543798569612,
        788.0983904898213,
        784.3769596432785,
        778.8586046258938,
        781.6507479206783,
        777.9477893533538,
        774.3833965047263,
        774.7585220089933,
        765.678224996851,
        765.261184137699,
        766.0451877193331,
        762.569188686293,
        767.844148874429,
        774.4288894528901,
        775.4539029510416,
        780.64985654327,
        783.4842757640638,
        783.5707837195266,
        787.831431612083,
        787.8070282882193,
        790.6281646482871,
        789.7434875886556,
        798.5069664008792,
        801.6410265383277,
        799.991553967375,
        798.8417972443376,
        782.613078547721,
        775.339541750855,
        310.6440048621586,
        379.8661712472218,
        459.89985153761074,
        532.2740245564112,
        593.8801030983672,
        654.8459149079802,
        700.6960391616028,
        744.7605064154716,
        780.7867145920766,
        806.2740450441121,
        835.7477649314354,
        842.4763789492117,
        854.0253944521544,
        858.3443830661657
    ],
    "recorded50Y": [
        640.2950603253739,
        619.1507986782691,
        592.8116415385618,
        581.6658410828452,
        570.0274398199671,
        562.876899429853,
        561.4762886951285,
        562.004597801307,
        561.2791409847323,
        569.2973168981947,
        567.7923204969393,
        571.217701268194,
        572.1788108891928,
        567.2022028805454,
        564.7890899071708,
        559.3278141869246,
        555.6874596074651,
        542.8842038826147,
        545.309886478838,
        544.2049531905692,
        552.001986452029,
        567.8339847134132,
        559.9379566836537,
        564.4140265384272,
        543.0400771761797,
        545.7989719857316,
        533.0558462697581,
        517.3728734555116,
        521.7458199960934,
        488.9288992117888,
        500.49080098592515,
        486.00968769680514,
        492.89021123833373,
        503.8186377944673,
        502.64534602581523,
        519.709490541275,
        794.9670536052913,
        813.1936835852644,
        840.9893471582631,
        853.816576900314,
        864,
        864,
        864,
        864,
        864,
        847.7508380553293,
        808.3033658924337,
        759.1289991590555,
        722.0135857982316,
        680.4642544883341
    ],
    "distance50": [
        225.0782944867674,
        207.73778295665855,
        181.89259920150366,
        169.1691441165403,
        155.07597892083584,
        144.01038550938773,
        139.39862308638706,
        135.8300951591388,
        133.46276333663243,
        138.7605798767238,
        136.77631049674153,
        139.64053007927743,
        140.84190406658806,
        135.56767378977506,
        132.9424317112909,
        127.5070581786202,
        123.70924906131137,
        110.91802280517285,
        113.32674734986358,
        112.33630415864192,
        120.00208765686656,
        135.98603613136626,
        128.1549118434093,
        133.01689101270034,
        112.11450189529236,
        114.85928491266864,
        102.98334693085924,
        87.64043525485889,
        92.55455711158247,
        60.93996076454291,
        74.97776216104329,
        63.62990673935403,
        68.78282743458844,
        78.16094415955911,
        72.14088285950645,
        88.01604174309682,
        583.8831974731175,
        544.0188355448676,
        512.0527195235746,
        483.2141968596638,
        465.7700489480139,
        446.57345081521817,
        437.2114169878647,
        432.62463413687544,
        432.18919476319536,
        417.50887639396046,
        382.35321737260153,
        335.49979599426274,
        302.5033031855966,
        264.3796386071547
    ]
}