{
    "date_time_concluded": "05-05-2024T20-26-08",
    "accuracy": 77.9071422252174,
    "smallestDistance": 14.634133372813583,
    "largestDistance": 189.43370445535797,
    "regressionType": "ridge",
    "numCalibrationClicks": 30,
    "targetX": 768,
    "targetY": 432,
    "recorded50X": [
        736.3240835307292,
        751.2394713255974,
        752.8463990161301,
        770.6625791236993,
        769.8417727240198,
        773.7433780463398,
        757.1671600007726,
        750.023777034426,
        740.0028323279959,
        726.2404448788113,
        729.6215693859017,
        715.461168531338,
        724.8805870735534,
        706.2568028565063,
        709.3676729740818,
        691.5835891856364,
        681.8184135714612,
        680.6838019469918,
        671.1222565548742,
        665.9581307975936,
        665.5179166011196,
        668.8163776726565,
        677.2938690985586,
        687.283631722499,
        695.9950985572616,
        700.6694418782693,
        704.6408661213537,
        724.4445266310829,
        735.0291980770801,
        750.8247131942483,
        754.8547828028893,
        750.5433816721536,
        744.4288161051898,
        741.024505969043,
        734.6164733305692,
        731.1346362992765,
        698.704653665575,
        715.1011820892156,
        707.6113418423151,
        708.3038408948555,
        717.9316982520377,
        717.9989753930445,
        727.966620437496,
        730.1472350378186,
        730.14129772236,
        724.3576259427397,
        725.6138867665261,
        722.2579839417723,
        726.6229266216508,
        738.1481524091876
    ],
    "recorded50Y": [
        538.7651574972704,
        534.7903617484203,
        525.9555219826163,
        538.3785116646224,
        539.9042718329142,
        545.6184500336102,
        542.6622068892034,
        529.2033181136965,
        519.4222966602622,
        503.952437878982,
        496.59083040092514,
        479.17649370603993,
        477.71860692988344,
        475.49512033762505,
        472.5171028887029,
        450.63264239548107,
        457.90414036334516,
        420.8796164101569,
        444.6125839843694,
        426.82604795740826,
        454.5634552170919,
        450.93787904842105,
        470.181393310628,
        469.112457718467,
        468.0810342636546,
        467.1181836946323,
        470.69346930814436,
        449.4921590974502,
        467.6319557102355,
        432.4316076615998,
        438.4312614947677,
        425.6204706838801,
        419.9296696666556,
        444.27123630415736,
        443.90853189247423,
        474.26637723050146,
        608.3045188305507,
        583.9156187928616,
        596.0888192046016,
        578.8037301424448,
        568.5577052941746,
        564.9808736267582,
        554.7707009047299,
        555.4073726436018,
        550.9793249157631,
        565.5798461281281,
        558.9379850305843,
        563.3682224082222,
        556.4959229174648,
        548.2820975943209
    ],
    "distance50": [
        111.3649969226649,
        104.14784582417718,
        95.16969966225723,
        106.41182768644731,
        107.91998891103718,
        113.76352042470889,
        111.19116177123843,
        98.85155357616037,
        91.7959658754632,
        83.19263044674302,
        75.13241183591961,
        70.61126234878184,
        62.84484697038089,
        75.52514737943127,
        71.26980706419766,
        78.65521727379227,
        89.99050131710344,
        88.0214824552359,
        97.69531436963796,
        102.17295557073822,
        104.93658527467332,
        100.9754138433002,
        98.41453641739257,
        88.83955552463202,
        80.5391014682526,
        75.93873111261276,
        74.23991118631899,
        46.936711540977775,
        48.545958093095706,
        17.18070900846008,
        14.634133372813583,
        18.58579881897294,
        26.48194827725134,
        29.635460493244636,
        35.44394143887886,
        56.084772309225556,
        189.43370445535797,
        160.8621775607192,
        174.84830746119948,
        158.47702229548133,
        145.44704092945878,
        142.07045861924013,
        129.13294111044695,
        129.08218869417632,
        124.85736300097685,
        140.52840319653606,
        133.82763032597458,
        139.10406856654947,
        131.19183291816847,
        120.05273435253473
    ]
}