{
    "date_time_concluded": "03-05-2024T19-48-19",
    "accuracy": 59.247467593639634,
    "smallestDistance": 123.84050836463523,
    "largestDistance": 176.5532764151299,
    "regressionType": "weightedRidge",
    "numCalibrationClicks": 37,
    "targetX": 768,
    "targetY": 371,
    "recorded50X": [
        733.5929604450552,
        753.3280785219108,
        753.7783301369686,
        766.6984681042128,
        777.7117023784385,
        783.5376357637751,
        790.6052210333945,
        786.4243794207173,
        788.4926589484244,
        796.4914502561076,
        805.2847035237957,
        833.1950352725669,
        835.8592901124514,
        848.134855250099,
        843.5981661499329,
        832.0570165702295,
        813.5026088169681,
        801.6180154150795,
        782.5851739334855,
        773.405176739511,
        760.7431080412616,
        759.6144470018236,
        756.7856648536349,
        754.138548157048,
        754.3596921211882,
        750.5745836505852,
        756.1326121411723,
        738.2292382395308,
        738.3079734739994,
        725.017442431842,
        702.2458687470192,
        706.6452355853928,
        695.8327186049421,
        695.8278141342391,
        697.3692287592039,
        698.6705628461641,
        694.6711899416592,
        697.5808025252518,
        714.7428136657438,
        716.9489947271129,
        733.7161721721175,
        739.9268408789856,
        741.6000314099053,
        745.119574199551,
        742.3874613437983,
        728.7085985566707,
        723.4921167930955,
        719.459146253897,
        719.3982113700899,
        738.6020065715411
    ],
    "recorded50Y": [
        503.4369663383901,
        504.2837494295311,
        498.409839269269,
        498.9468368142117,
        502.39077210321136,
        498.9691882752128,
        504.80388486176025,
        505.2008485548698,
        493.1332159620586,
        496.52462305790897,
        493.4989731201151,
        493.259985019289,
        498.1529813121292,
        509.991340292221,
        518.7189323770242,
        529.427981212508,
        534.7549339390939,
        544.2609535719964,
        546.9497999835386,
        543.353518525174,
        542.4298009491022,
        528.8628378911103,
        531.7055126071202,
        522.0736881127186,
        520.1117335951936,
        513.7178235620111,
        505.66592592701113,
        514.2212158114146,
        513.8340163605001,
        517.1673093697831,
        522.2107877092164,
        519.9970541933033,
        517.1495380616193,
        523.2304093117209,
        520.3303189000719,
        523.4267701325739,
        518.5933791864161,
        531.1773079137013,
        511.93959695225686,
        525.630341448647,
        521.7333326655092,
        519.5095631963848,
        517.6098178592617,
        515.8937208276437,
        503.89234616472277,
        512.6123560669841,
        512.7040359424603,
        518.7515625312326,
        513.7520212543196,
        515.0836237505262
    ],
    "distance50": [
        136.83345506071026,
        134.08886285539617,
        128.20110388102756,
        127.95345652243344,
        131.74920173179567,
        128.90900384746055,
        135.69994702308404,
        135.4596822301221,
        123.84050836463523,
        128.71749582526218,
        128.0474425060494,
        138.55647426630057,
        144.1275959389059,
        160.4374884563527,
        165.9396447743598,
        170.88805283854532,
        169.95930630167632,
        176.4922915969024,
        176.5532764151299,
        172.43825353903594,
        171.5833300013425,
        158.0853980800257,
        161.0963162058409,
        151.70826967299266,
        149.73432169944462,
        143.7776835855543,
        135.18781934912295,
        146.28265418120634,
        145.8875343163093,
        152.35610451669433,
        164.88877492563267,
        161.13512737654102,
        162.99633118441096,
        168.47231799870272,
        165.19155544054559,
        167.45295192714937,
        164.80570367629093,
        174.97323607760202,
        150.66618029706035,
        162.83963779097976,
        154.58304702321973,
        151.1396461019239,
        148.96777179740553,
        146.6891414525595,
        135.33801315809217,
        146.9621502912337,
        148.52940944453238,
        155.52086262884893,
        150.7987845780601,
        147.05214262533852
    ]
}