{
    "date_time_concluded": "08-05-2024T18-00-38",
    "accuracy": 89.45790016045775,
    "smallestDistance": 16.74025742418092,
    "largestDistance": 83.75257756366906,
    "regressionType": "ridge",
    "numCalibrationClicks": 28,
    "targetX": 768,
    "targetY": 432,
    "recorded50X": [
        802.0416937496998,
        800.9908264744075,
        797.9155314760583,
        790.5530250416339,
        787.0828059370263,
        781.4325426767139,
        777.5139067860723,
        771.0911335698986,
        789.0675969763812,
        790.3219602968369,
        786.5398933477186,
        783.4092296164104,
        775.1255760277197,
        768.2519649254599,
        770.412704880562,
        769.4651631583972,
        778.0859578070097,
        773.8781794014862,
        771.4072727269374,
        772.0454743163757,
        773.6488648573468,
        789.9114997837789,
        798.4384676846195,
        805.3384931917927,
        801.1910874778873,
        794.6522146421519,
        787.6501046688518,
        783.5458831900735,
        776.8064800745251,
        777.8388861627711,
        776.1565913544907,
        779.5798343137434,
        779.760017851725,
        785.2163494705491,
        776.5617562290786,
        770.9912886181594,
        763.223155253892,
        747.3833858410774,
        748.8643593975922,
        745.6640615373967,
        755.9171837170534,
        767.3913098331029,
        777.8367280016516,
        789.0200440932521,
        796.3431122734639,
        799.1818693059105,
        801.1515406911908,
        799.3916704175112,
        801.4280962287645,
        802.2008026677639
    ],
    "recorded50Y": [
        428.76832208811936,
        455.4223638171968,
        488.85829004929116,
        509.82330873690876,
        513.5496214959223,
        507.6542342476806,
        496.8407736596605,
        479.36347591746664,
        448.5107057619626,
        442.49691093859985,
        443.5972068602749,
        445.01998903483997,
        451.85899389140695,
        457.9837366245413,
        465.69395314155497,
        465.98882831127304,
        483.2707859120401,
        482.81254101181855,
        499.0579143196651,
        494.88867624880777,
        501.6660501195147,
        478.2496307076947,
        480.6704551282431,
        466.9137289389489,
        471.16072137285664,
        474.06733296433265,
        485.0217511301362,
        493.9839206221175,
        494.7791808890779,
        504.3373119421225,
        495.0696739903348,
        490.87464021424694,
        489.3730689854975,
        479.52562005344146,
        485.12731123303877,
        468.9617146968561,
        470.6869642447932,
        451.77228606866936,
        442.7195962673525,
        427.94204869933867,
        420.4137249600916,
        406.3848523729845,
        408.8295645135464,
        403.4153035152066,
        417.57966317775686,
        422.4607963106808,
        425.91080392434054,
        421.2040935586266,
        409.0804490540915,
        405.23894853257855
    ],
    "distance50": [
        34.194746021494105,
        40.45987837660414,
        64.24798962476846,
        81.0253436974431,
        83.75257756366906,
        76.83746717822413,
        65.53503148025028,
        47.46423872486945,
        26.766528484607985,
        24.666881658338163,
        21.868307028775405,
        20.173360449826177,
        21.098660433917424,
        25.984958250826377,
        33.780225327045855,
        34.020393193699576,
        52.25342125567499,
        51.15141559286312,
        67.14442181104307,
        63.01865963960051,
        69.8946937430253,
        51.17755526959722,
        57.40482137745876,
        51.11879832562529,
        51.33430029139659,
        49.799608914763205,
        56.54584605789295,
        63.903684556122236,
        63.393845477353494,
        73.00335868941856,
        63.5949192921201,
        60.002631801369944,
        58.565920676512455,
        50.54787088054404,
        53.81277607202897,
        37.08255871604493,
        38.98075740934659,
        28.565504997447277,
        21.933592624090416,
        22.70156637247174,
        16.74025742418092,
        25.622378727844062,
        25.172014190572533,
        35.48136309120639,
        31.800599481977116,
        32.60836365776736,
        33.70612643196346,
        33.19621314988411,
        40.53077143407999,
        43.426360413478214
    ]
}