{
  "date_time_concluded": "30-04-2024T19-56-31",
  "accuracy": 74.31205754780572,
  "smallestDistance": 38.26846149360065,
  "largestDistance": 151.22544987563842,
  "regressionType": "weightedRidge",
  "numCalibrationClicks": 31,
  "targetX": 768,
  "targetY": 371,
  "recorded50X": [
    918.461775344306,
    918.9459785792403,
    913.321776000096,
    911.9808418824814,
    905.531259843701,
    909.7112756046671,
    897.4102290080478,
    897.2040142406772,
    882.2441774123645,
    871.2147099451659,
    860.3594194846507,
    853.0570976912419,
    836.1915032691873,
    825.2321714829518,
    809.9307646793688,
    805.0020640452789,
    801.9498985927289,
    810.2386553558724,
    823.2357287828797,
    833.4233986071172,
    854.9175720211351,
    856.8887767906325,
    873.0369348335305,
    824.5853492452858,
    829.86456903761,
    830.4637166813427,
    830.6337996400523,
    834.2159582685897,
    829.6979106829377,
    833.1478036489075,
    829.9743045152984,
    830.9200669174754,
    827.9651490769531,
    827.5617382753906,
    829.767681813,
    832.6187710872688,
    836.7570521997452,
    856.4650538476048,
    858.7219425274734,
    880.635477903224,
    875.1829769225337,
    887.2471996159328,
    890.0604626387351,
    898.3611193194229,
    906.7946099127082,
    908.2225567161861,
    907.9675397588119,
    909.1093703481438,
    912.7122205145465,
    915.8475181461989
  ],
  "recorded50Y": [
    376.2133859535055,
    380.1895723972747,
    362.6550549316365,
    369.6871821499608,
    356.5539205510364,
    357.92050327363427,
    341.72181256277986,
    350.0426020729333,
    341.88732558170136,
    359.95016766253195,
    360.0927322712397,
    376.0485758209218,
    381.627267311924,
    393.5567268853498,
    389.3699656453988,
    397.3723631135075,
    388.66011128590696,
    386.19996896987635,
    390.5742111206958,
    381.8562130493866,
    386.42674363242077,
    374.5957772065435,
    376.6207913794037,
    364.0781502280745,
    376.8850637340911,
    376.0572913047322,
    376.6695210942743,
    374.12886818120904,
    373.65614674747,
    363.2484188333691,
    364.84684706721475,
    359.5769525870428,
    355.1085968512414,
    352.1942708058773,
    361.65415886074345,
    355.2238001380042,
    361.7935848472748,
    363.16587581361387,
    353.8420859202778,
    360.5316041604283,
    364.9014820033709,
    367.9528347021915,
    378.316846786741,
    377.4530306695043,
    381.02085668418727,
    383.0472319013472,
    380.33393925638677,
    389.16760384740314,
    383.559460835836,
    385.9643997251595
  ],
  "distance50": [
    150.55206817862262,
    151.22544987563842,
    145.56117850586423,
    143.98682689710017,
    138.28787598933388,
    142.3135934059601,
    132.68089399579873,
    130.89266527876399,
    117.8952072156187,
    103.80450444826984,
    93.00124115757025,
    85.20679541842343,
    69.0146356118082,
    61.51688695337455,
    45.77821167771561,
    45.43846696139308,
    38.26846149360065,
    44.89034487456489,
    58.60149720931556,
    66.3180099752655,
    88.27598056747739,
    88.96147623018621,
    105.18721868627439,
    57.007137741479966,
    62.14385631229786,
    62.668110686281025,
    62.88987459669988,
    66.28984043971592,
    61.7550588873807,
    65.60734204995254,
    62.2790150144427,
    63.948579601882116,
    62.03511745662766,
    62.460036158401344,
    62.47072324819225,
    66.51672014549786,
    69.3706732500328,
    88.8112563475337,
    92.33019479848029,
    113.12090078293058,
    107.35633406432807,
    119.28612590152423,
    122.27956814808714,
    130.52073795008351,
    139.15588851897667,
    140.7391246544786,
    140.27841818389777,
    142.27408839843528,
    145.25621096096936,
    148.60289997548827
  ]
}