{
  "date_time_concluded": "01-05-2024T18-10-18",
  "accuracy": 83.05775457800628,
  "smallestDistance": 25.689660359903662,
  "largestDistance": 87.74037251731191,
  "regressionType": "weightedRidge",
  "numCalibrationClicks": 28,
  "targetX": 768,
  "targetY": 371,
  "recorded50X": [
    771.2704289668116,
    772.259999724434,
    779.0631701968821,
    775.8224427762084,
    784.0409683592144,
    782.670852722873,
    778.2224474448933,
    776.0242508833812,
    769.7925366257061,
    765.3907298611485,
    761.7172104794984,
    763.2873562656418,
    759.0021016752696,
    759.8793820142552,
    757.5971373302839,
    757.9427283479951,
    753.3342725643317,
    758.480540081357,
    761.6338340708096,
    775.2739536187567,
    786.8987488689899,
    801.9403473762754,
    815.5331922669806,
    817.2270234647449,
    830.1235844108048,
    829.1981202584392,
    824.9067796817731,
    824.951046496984,
    811.9670154494139,
    807.2136344217847,
    806.5950470197811,
    801.3442505867206,
    799.1040754117241,
    793.6233851133966,
    783.5805750820941,
    775.6242488926218,
    770.8917357728383,
    758.9079910793238,
    757.5280377448289,
    754.176164861302,
    751.7024369579763,
    762.2563889038665,
    769.5888992718635,
    774.7206066419525,
    784.3532581249315,
    774.6968165500391,
    769.7292560107621,
    761.5992912775146,
    767.232192243094,
    763.5171194455507
  ],
  "recorded50Y": [
    311.6417539505612,
    316.5136831278967,
    315.7039836166515,
    322.9540233104508,
    311.31558762047075,
    314.92548930995224,
    304.11836774947074,
    299.1852869019142,
    297.4753692277085,
    295.8213687598477,
    299.1875566700886,
    309.1757239020137,
    320.2577912009801,
    323.05519080979906,
    325.0468361971708,
    319.67083794431693,
    313.2726361142152,
    319.61446289024514,
    325.52878076092986,
    338.8241366134102,
    353.59896725495696,
    365.1168594276829,
    376.5536564228191,
    375.90563447315475,
    371.56898784330133,
    361.47709241789715,
    347.1877450452311,
    348.1557765032475,
    341.8253300919151,
    332.93176263800325,
    331.9089481059269,
    316.6394747870233,
    311.8771252494636,
    303.4448725760785,
    291.9042099235146,
    284.0743041546907,
    283.30729315560643,
    285.9604301764065,
    296.1408282720897,
    300.54523595554684,
    300.0591496088143,
    299.49566405214733,
    294.5392497118674,
    289.76840598069055,
    296.19400276144364,
    301.18535599153984,
    293.8065550217774,
    299.6014367184455,
    305.048915588153,
    302.73530734504243
  ],
  "distance50": [
    59.448272301999445,
    54.652596680664935,
    56.39187142374977,
    48.678603996414694,
    61.80244127047913,
    57.96192430160087,
    67.65834142408933,
    72.26161927053546,
    73.54647862240785,
    75.22389836880501,
    72.0867564894597,
    62.0036299421818,
    51.53381344384986,
    48.62765843380883,
    47.11595075146657,
    52.305177472414684,
    59.56116270204206,
    52.25986549160497,
    45.91470186906986,
    32.987824813411294,
    25.689660359903662,
    34.4464587877461,
    47.856530032509255,
    49.47085090012853,
    62.126190026527595,
    61.93460819270319,
    61.68796527509053,
    61.36187940628292,
    52.76608581062951,
    54.65253718186105,
    54.93348698784946,
    63.77229609023571,
    66.80552242132262,
    72.25131906015073,
    80.6157449119725,
    87.25941650829363,
    87.74037251731191,
    85.52422500084694,
    75.58807832762048,
    71.79813503498173,
    72.78883716156844,
    71.73464384638012,
    76.47725763598154,
    81.5091309029471,
    76.57262091737189,
    70.13509727613487,
    77.21281159209678,
    71.68489318413083,
    65.9555536998222,
    68.41172765938073
  ]
}