{
  "date_time_concluded": "05-05-2024T19-44-13",
  "accuracy": 77.95028569153183,
  "smallestDistance": 38.23612033971852,
  "largestDistance": 158.0162852100971,
  "regressionType": "ridge",
  "numCalibrationClicks": 38,
  "targetX": 768,
  "targetY": 432,
  "recorded50X": [
    881.1270074134511,
    867.5819150378563,
    850.0252432320674,
    838.0788445215068,
    831.7072553626724,
    817.7871531058188,
    828.8857096178039,
    844.7840214051998,
    825.3395902726988,
    828.1269707375491,
    827.3598791507777,
    805.7974325855371,
    804.7386843873724,
    806.3861262162993,
    797.1771097228534,
    824.1740304356072,
    806.9271412098307,
    839.2151594135244,
    827.4073857424273,
    843.7450078093723,
    861.0939184327972,
    864.7727999980274,
    888.519318820148,
    886.5581096819296,
    881.9241716743652,
    899.1315912910351,
    879.3435631594887,
    888.484206609392,
    863.3813993413513,
    836.6702651878504,
    825.5661298400408,
    801.34122335444,
    813.9671064391061,
    815.964065326743,
    815.7658718249406,
    846.5559278583496,
    829.0287129947053,
    865.5076118972104,
    841.6971021707561,
    868.3322656478324,
    846.9855830139937,
    887.6539111470819,
    894.8399382747924,
    904.9418784602362,
    879.4380184158244,
    903.0831784736479,
    895.2152125187312,
    899.3603858043837,
    882.4358972345017,
    862.7950143865492
  ],
  "recorded50Y": [
    461.9107396814496,
    418.39034088646775,
    443.4306036020577,
    411.725683321206,
    444.7690627639523,
    425.7319578820612,
    438.7856339714733,
    452.8279643626895,
    437.6943954731183,
    441.71092046998905,
    439.3615452510221,
    437.77537778636304,
    464.4673056456195,
    480.38963822393987,
    487.7266342777524,
    497.35750833568693,
    492.6676475607421,
    490.1232336662955,
    503.71388444226454,
    486.3800228181173,
    493.4881799947334,
    496.6224171349962,
    501.12438448346495,
    518.9450294319158,
    519.1314506074334,
    520.1683171954625,
    513.3729606166928,
    512.2758318788495,
    502.85383602920297,
    496.87984609018076,
    483.29429435569125,
    476.68773599313954,
    436.05362756068587,
    449.5251380392071,
    416.05352028030234,
    433.63851873993343,
    408.3343651990547,
    417.4275762353333,
    392.1009472975179,
    415.47072487608705,
    421.80598149460974,
    442.5585957239624,
    451.70552131821,
    462.63345454009163,
    502.6608028966526,
    507.6235061890037,
    515.192266839054,
    505.02887442788216,
    492.00117586687253,
    464.0671174351945
  ],
  "distance50": [
    117.01441002976713,
    100.50761475526812,
    82.81786779425798,
    72.95267209815925,
    64.97432838986877,
    50.18016506922328,
    61.26266778437212,
    79.55872072028087,
    57.621651767762174,
    60.90611288244009,
    59.81461026603601,
    38.23612033971852,
    49.029143031477034,
    61.76610537614821,
    62.90279405325168,
    86.18077274676705,
    72.08249290448074,
    91.92338778635433,
    93.12421115127917,
    93.24426572042286,
    111.56735153366789,
    116.36593838330727,
    138.93554886741683,
    147.0219830986821,
    143.42456754909824,
    158.0162852100971,
    137.9092012034617,
    144.77794454313812,
    118.81867454389277,
    94.47221681349097,
    77.10359225229872,
    55.75509773072947,
    46.14549567167814,
    51.06546803820891,
    50.35740984847599,
    78.5730141037452,
    65.45659691980501,
    98.59051634043728,
    83.80451822498779,
    101.68471107373624,
    79.64069523396148,
    120.11886777877922,
    128.36151102248516,
    140.32635751446688,
    131.95219215475439,
    154.81078707526063,
    152.00218274092745,
    150.29560026454502,
    129.21190224307045,
    100.07194798318167
  ]
}