{
  "date_time_concluded": "08-05-2024T19-46-07",
  "accuracy": 85.97758902866178,
  "smallestDistance": 31.33956981154354,
  "largestDistance": 95.22566629714993,
  "regressionType": "ridge",
  "numCalibrationClicks": 33,
  "targetX": 768,
  "targetY": 432,
  "recorded50X": [
    799.1528960562953,
    801.3296134344038,
    798.0734026045341,
    807.3967231683782,
    809.250989852889,
    811.7638404599595,
    815.0637565512604,
    810.7479221659917,
    813.651172279641,
    818.1994512509909,
    819.5188014811365,
    825.3538537324214,
    828.4815210326644,
    839.3052903856122,
    831.0009786128846,
    829.8436236921086,
    825.0141404768247,
    812.0064988001574,
    819.499374797824,
    807.479077988167,
    803.8409040688646,
    794.4397309868029,
    789.5878082013508,
    787.6758340127017,
    790.1196418130919,
    786.2916124291883,
    789.9892302708287,
    794.741541378757,
    803.4230387995447,
    813.633817892133,
    820.4048749895092,
    818.3327025304712,
    816.9089535557601,
    813.7638913282728,
    806.8595238698957,
    807.5698725826725,
    801.0129572159519,
    794.9347950555623,
    790.1568939212989,
    788.7926129913734,
    817.9992541157044,
    823.0169246995354,
    829.7421176117214,
    831.0330158898428,
    826.82162765879,
    823.1766385354845,
    812.3931558721762,
    807.0026332199284,
    803.8955150760146,
    803.3189384510517
  ],
  "recorded50Y": [
    470.31019209898466,
    484.8125357551032,
    498.02429211275626,
    500.404767783349,
    510.98167446840955,
    510.53844721577184,
    514.7824277308889,
    502.9781916483904,
    497.8383435287178,
    482.03501407031365,
    478.37002215737687,
    470.92280789497954,
    471.8206349710904,
    463.94858558094165,
    457.3342689560767,
    455.81673024333287,
    461.5758260036236,
    467.862345970912,
    473.92417414198866,
    473.24683669218825,
    469.08478652844906,
    462.11083505116744,
    457.6640387315233,
    456.3932407005962,
    458.52857946390327,
    464.5966367250128,
    473.02589199754095,
    477.97448520034015,
    489.89685469154267,
    489.4942654164263,
    495.5860103535317,
    488.678801047517,
    485.84520087175184,
    475.91579098432146,
    470.631457654967,
    468.3035434054909,
    470.7922788606911,
    471.372622902741,
    477.06832281031905,
    482.900040671222,
    441.2840653582499,
    435.65289151521773,
    429.5702804001604,
    431.2513627144545,
    427.1365558358566,
    431.4732280821429,
    431.229384601545,
    436.2508723175433,
    450.03211518857125,
    459.2326848557816
  ],
  "distance50": [
    49.37786701909515,
    62.45019667359619,
    72.55078699231983,
    78.93867272699566,
    89.10526957299983,
    89.90862818923092,
    95.22566629714993,
    82.85703675117352,
    80.11689590286755,
    70.87656551298956,
    69.31353302875546,
    69.31413645418566,
    72.41337829383087,
    78.13550126286539,
    67.90396519880102,
    66.27118854264518,
    64.22882295440041,
    56.768651518119036,
    66.40649051150451,
    57.095526408886165,
    51.573751039983414,
    40.07145819823783,
    33.53619458065323,
    31.33956981154354,
    34.54047020977152,
    37.37811941553623,
    46.54728845053622,
    53.186119662446416,
    67.87368754508373,
    73.40324169399355,
    82.39812883400644,
    75.80150019758793,
    72.74195072197891,
    63.42657524480237,
    54.794635831826675,
    53.700298695661814,
    50.9381609733596,
    47.70415724993565,
    50.22033123322481,
    54.98315101320659,
    50.85390134201149,
    55.138059630497466,
    61.78990714116245,
    63.03746148088833,
    59.022342969142386,
    55.179153026563874,
    44.399843877919956,
    39.233599293823616,
    40.170202647563194,
    44.59872798369363
  ]
}