{
    "date_time_concluded": "01-05-2024T11-49-48",
    "accuracy": 71.25407722049874,
    "smallestDistance": 79.89684380081742,
    "largestDistance": 159.16209688098948,
    "regressionType": "weightedRidge",
    "numCalibrationClicks": 27,
    "targetX": 768,
    "targetY": 432,
    "recorded50X": [
        647.6051173444457,
        648.9186307003895,
        642.7408617815424,
        652.0853105038332,
        647.4714754285758,
        651.8743836607941,
        643.1017245408182,
        646.5034832753132,
        650.7709677757372,
        651.5706001199978,
        663.6778562833753,
        669.7650712176564,
        684.2334664180071,
        686.3552585402379,
        781.680360190411,
        762.7734177921307,
        767.0351776629519,
        739.4310124187448,
        743.4363525338115,
        714.0801802508424,
        723.9002486090076,
        703.1007792980677,
        710.3101145188773,
        691.2352463572886,
        713.3181449659174,
        701.2810113897456,
        752.9298423925121,
        717.4198072965338,
        742.0636370620842,
        719.8523183117962,
        716.1276754875904,
        720.0311283135154,
        731.6395460848348,
        725.7569165039392,
        735.4184405361776,
        728.4444840550275,
        755.8477849120088,
        753.7294275152813,
        814.5190844170133,
        800.7792865363836,
        836.955650873802,
        804.2438656027944,
        801.8774931889492,
        763.3870458491499,
        759.2310564196939,
        727.5383385951102,
        716.4419046351543,
        695.4752610821351,
        676.1355215779386,
        665.2115676385076
    ],
    "recorded50Y": [
        327.89598800282096,
        340.63713789740984,
        341.4004486509556,
        347.8806985019892,
        350.3574618491813,
        349.1025192174115,
        343.2470163262348,
        340.0965101992326,
        339.12323600274726,
        338.8955922914289,
        341.682071330834,
        340.2342548138476,
        339.7232823719834,
        340.9591509795272,
        352.54418494036463,
        352.27429217776364,
        343.21706365150794,
        345.41707257366477,
        336.8013454980454,
        341.9688972333865,
        338.8371146961713,
        343.4515029123295,
        336.24000024733215,
        333.2742956371198,
        328.0165825074909,
        323.97987207184775,
        325.6244298066126,
        325.3264657194885,
        327.75829878057976,
        323.32517738716086,
        324.1122671296383,
        322.8527096599705,
        318.76811521072324,
        322.49148916531476,
        318.5068530285447,
        315.3389939210705,
        313.7046882409334,
        305.03080716530303,
        314.7145805231911,
        306.884610119419,
        316.6737617553455,
        310.28343612251945,
        313.6286485745325,
        311.48498146470456,
        314.02328422143376,
        317.29992826721207,
        319.8417068289117,
        323.5326666220343,
        325.54628674277,
        333.54243599369386
    ],
    "distance50": [
        159.16209688098948,
        150.0917888688356,
        154.59020153903285,
        143.22106034206706,
        145.5768843981499,
        142.67848853369614,
        153.22098852204712,
        152.34058885862248,
        149.56182429630442,
        149.0779523980031,
        137.98709326861214,
        134.42861757245726,
        124.62674177135443,
        122.28777534324489,
        80.62492667736424,
        79.89684380081742,
        88.78817865460728,
        91.17450506107477,
        98.31661403763714,
        104.94258633726427,
        103.07332958084591,
        109.78499525984103,
        111.79490345921857,
        125.05835479396409,
        117.48470701921109,
        126.96366204071792,
        107.43775679100345,
        118.05760801327136,
        107.41986406417655,
        118.8630149452749,
        119.71007039605001,
        119.22308350082679,
        118.92662587431334,
        117.37372810167331,
        118.07731546143377,
        123.18453304299612,
        118.91785869128134,
        127.76863922002174,
        126.17406562700687,
        129.33809342496173,
        134.3689808515808,
        126.99818784523748,
        123.12376449353236,
        120.60327125978154,
        118.30215482995732,
        121.62751538673577,
        123.44115976732525,
        130.47988414016626,
        140.611078731407,
        142.3353565962757
    ]
}