{
  "date_time_concluded": "01-05-2024T16-11-41",
  "accuracy": 80.01059216493687,
  "smallestDistance": 50.4219630227894,
  "largestDistance": 135.16669453445596,
  "regressionType": "weightedRidge",
  "numCalibrationClicks": 27,
  "targetX": 768,
  "targetY": 432,
  "recorded50X": [
    838.8732317694651,
    847.7574226890815,
    835.5841537137758,
    846.1643851416491,
    834.941475369465,
    845.0194375209737,
    825.1078105370449,
    832.6354549350997,
    806.5100580083483,
    821.4819356106893,
    801.2742852969332,
    818.2169208381446,
    804.2332949742757,
    821.5647803281529,
    811.9429853365679,
    833.8899894207411,
    820.0170464875301,
    835.3610788872979,
    819.406721253684,
    827.6152809445066,
    812.4347737381836,
    821.0587447541303,
    799.1482209546988,
    813.3954280368514,
    791.4825424861556,
    808.9347396662956,
    794.6445440470675,
    816.2145277505094,
    804.3741361351688,
    823.2625160154113,
    817.7128858817263,
    829.7872246602496,
    830.536117637078,
    839.5263807972825,
    836.8391719932692,
    843.0865851211747,
    838.7092667171532,
    855.3332226677355,
    847.5343437427812,
    866.7510713319333,
    856.3963463718696,
    863.5403717641375,
    856.1110629705547,
    858.2006376823094,
    847.3628067574505,
    842.8019192351142,
    832.0114204962742,
    820.3176324628199,
    841.4625122560101,
    857.6153332419972
  ],
  "recorded50Y": [
    372.1420367845656,
    382.88881417520014,
    370.81232671556484,
    373.92434882378564,
    358.6095642744576,
    367.5873670848147,
    360.54987145950525,
    367.30085245827166,
    370.8170626376958,
    382.4217634489637,
    384.46822816555937,
    397.0322991365807,
    396.9354496623917,
    406.17386952392883,
    405.3454281200286,
    411.4221831515439,
    414.6780986901007,
    406.06246863123056,
    406.857880220031,
    398.45296162027773,
    397.8139903598469,
    385.3618067415966,
    383.2931119635084,
    389.0825730944477,
    385.981054690817,
    387.3603172454998,
    384.60479910523463,
    370.17805638014045,
    362.2214932077893,
    352.92455468601406,
    351.2075276501035,
    351.44631871885963,
    356.70036804120843,
    367.05843931265525,
    361.5843754155809,
    371.75253731537384,
    362.72027854386386,
    365.83482052440684,
    361.51010257706116,
    357.33764200454414,
    343.81067509801494,
    345.28882589860257,
    329.49889808606997,
    341.2194219951541,
    340.17084396238937,
    355.2124224971281,
    359.574226160451,
    371.9754739917927,
    370.661245752553,
    379.8319743510259
  ],
  "distance50": [
    92.76847924671723,
    93.66512182836705,
    91.16769820045943,
    97.37788436864594,
    99.33437059057484,
    100.40408873703097,
    91.46815234161143,
    91.45338554309312,
    72.29368155022948,
    72.9268056079274,
    58.021094403182595,
    61.19215016763223,
    50.4219630227894,
    59.46574397895252,
    51.39505970805345,
    69.0285249162546,
    54.82537177508023,
    72.18220336320216,
    57.225668865328956,
    68.40603413546944,
    56.063645727692474,
    70.64241972987715,
    57.81498604031713,
    62.47119671370462,
    51.66404096645631,
    60.566939727625495,
    54.37128649693041,
    78.40021300444111,
    78.69001073662645,
    96.47212928073459,
    94.86197663499497,
    101.52121305007988,
    97.88156405701696,
    96.60967578077232,
    98.47432044108126,
    96.26916445619977,
    98.992323968666,
    109.56697840394125,
    106.27576145712302,
    123.79919947498122,
    124.86501142659394,
    129.02244126845707,
    135.16669453445596,
    127.97370191249908,
    121.37153288559993,
    107.19915661989184,
    96.6589606307058,
    79.62460919228845,
    95.70362312678205,
    103.69383227649668
  ]
}