{
    "date_time_concluded": "01-05-2024T14-21-45",
    "accuracy": 68.33180556968934,
    "smallestDistance": 66.02759031688939,
    "largestDistance": 171.18084786492184,
    "regressionType": "weightedRidge",
    "numCalibrationClicks": 29,
    "targetX": 768,
    "targetY": 371,
    "recorded50X": [
        852.7189851758255,
        835.2866965681461,
        834.1682554084961,
        814.9671656628148,
        818.4047414492409,
        812.2810104056043,
        822.3262993938911,
        827.8092309805309,
        847.6034379047917,
        859.1342505455056,
        891.0181200796635,
        902.6063950779512,
        913.4651793844774,
        922.8472844707128,
        924.2518614176291,
        917.2886987521099,
        930.1608752546108,
        912.6359341181998,
        912.0663727423241,
        892.0298397309505,
        880.3664386451808,
        857.8782209809617,
        857.6437074143886,
        842.5064680173316,
        844.7072421785765,
        838.0035273960932,
        839.0264343678937,
        832.6421767567506,
        827.9669568914945,
        814.1784803824554,
        806.5143983711387,
        805.7809549523975,
        805.8624699754566,
        814.9176631097799,
        819.8604354944366,
        826.5720581696089,
        831.7814644264799,
        843.6897952948884,
        853.0878267075395,
        895.8647604233465,
        906.4343040481692,
        903.9688628461844,
        914.1104447742659,
        897.3911177498667,
        888.3407531048167,
        883.4148630691927,
        857.5628715936812,
        867.2580651059291,
        852.8875307825992,
        848.5647728158749
    ],
    "recorded50Y": [
        411.3997179861043,
        408.95963776518784,
        404.37614005416924,
        417.7757042831059,
        419.18599925785884,
        419.97790114443194,
        423.906411241536,
        410.8806447372931,
        410.3548009975252,
        395.9699738437535,
        404.4819195995305,
        402.72393888427086,
        415.86374454680106,
        420.0886315539202,
        428.14115334789795,
        425.91503851217436,
        425.83368683949743,
        421.8980653200025,
        424.92538601806797,
        409.62355120610084,
        414.16512069065527,
        403.00512794390164,
        409.9347031319557,
        412.0071010091542,
        425.63157260145874,
        427.9591692516151,
        438.3756134313763,
        452.51818208339506,
        456.8588358798179,
        471.2638082226687,
        472.6398821400347,
        479.92009603290415,
        484.711039108567,
        491.9356519340889,
        499.6749672870915,
        498.9257228381996,
        507.1556864930043,
        507.3007449352674,
        516.3544350504377,
        436.40871276568157,
        429.8758990388699,
        435.51153335027595,
        423.10331534191755,
        418.432389729786,
        402.11867613594563,
        399.52876713945614,
        393.02338927882914,
        397.82843654535026,
        410.4672102555056,
        398.0790942691318
    ],
    "distance50": [
        93.85863659023876,
        77.25563820406923,
        74.1094106623409,
        66.28635728095831,
        69.73183265226287,
        66.02759031688939,
        75.8316237218564,
        71.88608999761134,
        88.80038112427692,
        94.49312787842676,
        127.49312455189077,
        138.29421497016585,
        152.22639057705737,
        162.44191348229796,
        166.37234025643195,
        159.06846648500704,
        171.18084786492184,
        153.33025302125952,
        153.82804364720988,
        129.90450281439652,
        120.37210714297566,
        95.40661833126725,
        97.73384975007394,
        85.04584710373948,
        94.17329625510219,
        90.24877179069922,
        97.89906876099975,
        104.03761351565373,
        104.7271484261071,
        110.38697065208784,
        108.69233884377917,
        115.28654681675633,
        119.848934278918,
        129.71776678776857,
        138.73266369534855,
        140.69710928764638,
        150.35440189355148,
        155.90650461635954,
        168.42758100336235,
        143.62345443479362,
        150.43413184824834,
        150.49674281820276,
        155.12258875403387,
        137.81107701501418,
        124.29911046458992,
        118.88852413827762,
        92.23089310764082,
        102.81988375815612,
        93.61385350320231,
        84.99388192870157
    ]
}