{
  "date_time_concluded": "06-05-2024T20-33-48",
  "accuracy": 77.24202946727017,
  "smallestDistance": 72.15412295556094,
  "largestDistance": 119.98921611039016,
  "regressionType": "ridge",
  "numCalibrationClicks": 27,
  "targetX": 768,
  "targetY": 432,
  "recorded50X": [
    858.5505461724031,
    857.4713598834392,
    858.5553318948096,
    858.3102438032333,
    858.9694881822631,
    865.0804086236743,
    864.6630689785557,
    874.4051470946436,
    863.08147194386,
    869.9309225432902,
    860.1191395070018,
    869.3878091365314,
    865.0832901763151,
    870.1348639634566,
    859.6659162493032,
    863.6572219717045,
    856.703290154351,
    873.7291788307823,
    869.3756201113182,
    883.0481562630043,
    878.1179831215409,
    875.473277526758,
    862.9895695197173,
    856.7366942792582,
    844.8820907949392,
    842.3534334243324,
    837.1890407123749,
    844.8174748774525,
    840.7125164501069,
    857.3269225783956,
    856.7819132087966,
    872.3456512919978,
    869.168574557016,
    879.3795789893086,
    869.1408060315412,
    870.4281581900384,
    860.5395923020326,
    864.1792058368103,
    860.6607081527156,
    866.8208183969939,
    869.0991273308614,
    873.0691917123606,
    863.7912723669875,
    871.7262186669152,
    855.213140782953,
    862.9256543436593,
    853.4457866391466,
    853.1396655869693,
    867.9210180101425,
    867.4173628799018
  ],
  "recorded50Y": [
    472.3802399350617,
    473.96631241279545,
    456.59529040706036,
    454.28048441300314,
    445.3666732160408,
    444.3946857014546,
    428.5127286047606,
    438.4792459412155,
    422.1825181291547,
    428.425794833892,
    422.6276386209472,
    428.1092101935122,
    420.567779145324,
    437.64501277284285,
    423.5138440781379,
    442.8310584964795,
    421.5862516817963,
    439.8210699348008,
    424.72526906905256,
    440.74842062606604,
    435.3326286686672,
    442.1434916684989,
    437.0772851590135,
    439.98855128803143,
    428.58387971744173,
    432.4428496497045,
    411.5282119787368,
    418.27888161757875,
    402.04323851357344,
    405.8746581588332,
    397.2988664463011,
    396.3611342838532,
    396.1222643909555,
    400.35452666550515,
    409.7737801426904,
    407.6469841393216,
    412.5270431625613,
    415.15292990060254,
    404.64937458337016,
    421.94401860461267,
    408.6199341232584,
    405.46919494798254,
    400.09893129420493,
    391.3163845650055,
    389.13092411063553,
    395.2926478266636,
    397.54933750094625,
    404.844298014684,
    498.43193616478976,
    497.73115177567684
  ],
  "distance50": [
    99.14618091148873,
    98.82456990506073,
    93.83600825262523,
    93.01806341500301,
    91.94626546525605,
    97.86845238470578,
    96.725952908912,
    106.60223241658444,
    95.58697221533602,
    101.99356799865204,
    92.59469218767362,
    101.4624368267586,
    97.75408382839407,
    102.29074545646516,
    92.05788963556806,
    96.26845767694688,
    89.31248422388589,
    106.01805691087057,
    101.63630287978792,
    115.38029781105281,
    110.16840118926653,
    107.95089534400562,
    95.12516566149645,
    89.0955546775037,
    76.95794801569353,
    74.35475222068101,
    72.15412295556094,
    78.03328479701761,
    78.64170399515591,
    93.068966813028,
    95.32259324486478,
    110.26397277934777,
    107.34194143172091,
    115.78793805228528,
    103.55417661231871,
    105.28341261430494,
    94.56623177127848,
    97.64355281498895,
    96.6129574438312,
    99.33114773562231,
    103.76734085184269,
    108.36705525110918,
    100.96358772477454,
    111.41941035474578,
    97.17967685084815,
    101.77578079361133,
    92.12942310145155,
    89.36551240034521,
    119.98921611039016,
    119.18219814951871
  ]
}