{
  "date_time_concluded": "01-05-2024T16-18-53",
  "accuracy": 96.0822480421428,
  "smallestDistance": 4.2604637126716,
  "largestDistance": 31.963564170171352,
  "regressionType": "weightedRidge",
  "numCalibrationClicks": 27,
  "targetX": 768,
  "targetY": 371,
  "recorded50X": [
    773.5039316108005,
    773.6558222552444,
    766.6753524460221,
    774.4430636567029,
    765.4276267055823,
    775.632800819681,
    774.9880426659515,
    781.0280002741406,
    774.9769725393351,
    775.0436655006552,
    767.8738784054784,
    766.7261172012611,
    766.766019673507,
    774.1013126598692,
    771.5256154262233,
    774.651540748684,
    769.3273650693932,
    761.2162532767304,
    759.7327405767767,
    753.8061553402383,
    753.7849206913841,
    753.8847042976781,
    749.2081216876568,
    759.8053482950488,
    751.5080230439735,
    764.2307918585913,
    757.5333228882985,
    760.6538391814356,
    760.3380149623183,
    758.7431881355462,
    758.5555507503883,
    759.4617271957677,
    759.0733808811809,
    762.1465774089029,
    762.9342418604256,
    766.8295738368672,
    768.3874428777124,
    768.9471711248585,
    768.2561417623317,
    769.3895568781386,
    766.7370306052803,
    769.7582227558116,
    769.8091194922634,
    771.5764094359898,
    774.7413021336511,
    772.8369282559581,
    774.8361435287846,
    776.6794150291041,
    775.4951447699559,
    774.474452249563
  ],
  "recorded50Y": [
    377.69572215801566,
    377.4714573877866,
    378.86578259599173,
    373.47249101709997,
    363.7899492693341,
    368.1467921459363,
    372.7293411379932,
    385.02568523954733,
    396.62017930488776,
    394.7414217355363,
    395.5302254655139,
    380.24140698685,
    375.80209594270025,
    362.05185941236516,
    364.1527600693604,
    355.3513294799468,
    361.6764690036248,
    354.0215735274569,
    359.7151466719647,
    357.75498468324304,
    360.53696307053883,
    360.95132992458537,
    359.4151263123063,
    368.3727836294074,
    358.39458918281093,
    372.9861070046021,
    362.32044447809915,
    368.3970347366179,
    370.06739283637035,
    373.9032041172345,
    375.2437159146882,
    377.94475964093976,
    385.5958466911482,
    386.1762430604368,
    393.3353340491659,
    393.2932480911087,
    394.50384746818935,
    386.8834855283209,
    380.2833238838432,
    364.7721463451159,
    358.03775314724055,
    349.9913855633448,
    348.75078683886613,
    339.2371485850715,
    347.8289384560086,
    351.62062722219986,
    356.45736479910414,
    357.3292486038729,
    365.1416593505429,
    368.6906622508176
  ],
  "distance50": [
    8.66752319833702,
    8.594654507591068,
    7.976542295359945,
    6.901179690021503,
    7.655190128573515,
    8.148646722702775,
    7.198844426205808,
    19.142848209758736,
    26.553186878964915,
    24.764255080856238,
    24.53054968902149,
    9.328793088150404,
    4.958107793208004,
    10.830292523729836,
    7.701601054415207,
    17.003643238335325,
    9.417543643000254,
    18.283494881696537,
    13.989120522968703,
    19.413800683188537,
    17.650598333697054,
    17.32678109310901,
    22.075868926629656,
    8.605497221158634,
    20.757689798920712,
    4.2604637126716,
    13.597279647722784,
    7.79368378461587,
    7.718534241636259,
    9.701399901056519,
    10.354069074188605,
    11.005988776566992,
    17.10915747557338,
    16.26594323915528,
    22.902599254593234,
    22.3239514390949,
    23.507040600454175,
    15.911701532775949,
    9.286856892121461,
    6.38098969316166,
    13.023629876646174,
    21.082059382496077,
    22.322643204308488,
    31.963564170171352,
    24.13178914901682,
    19.973882051675066,
    16.069259377223318,
    16.193260603786687,
    9.51300952841312,
    6.873977943787012
  ]
}