{
  "date_time_concluded": "01-05-2024T16-38-29",
  "accuracy": 70.41807301980934,
  "smallestDistance": 79.96060691647631,
  "largestDistance": 132.9577876691311,
  "regressionType": "weightedRidge",
  "numCalibrationClicks": 27,
  "targetX": 768,
  "targetY": 371,
  "recorded50X": [
    734.9041701723178,
    723.4179823565495,
    711.2101087721203,
    737.9195376921394,
    723.4885621043626,
    742.8553861022438,
    720.8573183288984,
    733.5289185676618,
    708.7148789078481,
    723.9251599928052,
    702.4207484177567,
    722.3025519615944,
    711.2586581361336,
    728.2412832427106,
    719.3861380757826,
    730.1356654793996,
    710.8778741841516,
    725.4722827678139,
    704.8121003044112,
    723.6598932416672,
    711.549057901409,
    731.9122489460105,
    719.6411912396006,
    744.0423962992859,
    725.2694799444539,
    746.0675137094993,
    731.3949875489029,
    747.5971522077423,
    728.1903978867049,
    742.8965013469059,
    728.6151821066609,
    737.3327634760335,
    724.6528788617031,
    741.3916737792717,
    717.9357831181687,
    739.0492369830467,
    721.0014707067137,
    735.6157540388906,
    720.742356979272,
    733.2648557636498,
    710.4528689117917,
    721.3577245182471,
    695.8884816829109,
    710.1916465370828,
    704.019773483735,
    730.1124916709919,
    733.1943160484918,
    755.8843607265671,
    743.7936841659134,
    760.1531563863648
  ],
  "recorded50Y": [
    480.0786338855767,
    476.4242166489529,
    479.9907800243186,
    478.0795548124263,
    476.5704219580304,
    476.7662206269529,
    477.66558515298857,
    478.38244939170096,
    478.4127139243467,
    476.4161185669245,
    470.74207993005064,
    474.80806030989663,
    463.0415245589339,
    479.4794313327623,
    473.896683443917,
    483.8335126576143,
    485.7427789442146,
    478.5651944808286,
    478.70487332279254,
    465.84441519942123,
    461.69450297436265,
    453.7851946695638,
    446.907936658836,
    447.2871672260202,
    448.273270619096,
    455.9893978516821,
    461.5073461028777,
    473.49168624279764,
    475.55393090961604,
    482.9829559965757,
    472.98642264050443,
    465.75034624328543,
    457.4126605915886,
    453.3787354232164,
    457.58717249108975,
    463.6089521168788,
    470.2825151524801,
    474.77349596577125,
    478.0819716083043,
    483.59844011978606,
    481.8019156233062,
    484.58805376373465,
    482.7036356967573,
    487.03877147576696,
    473.0389610670843,
    480.1749419159202,
    460.65905326565405,
    473.7113589895012,
    468.725113877746,
    482.16646581643187
  ],
  "distance50": [
    113.98895701920685,
    114.46318951176526,
    122.89866506998283,
    111.2243915311836,
    114.57042417628459,
    108.71405168503522,
    116.61894996599943,
    112.77963420971054,
    122.687475707607,
    114.25913344400834,
    119.36968102018102,
    113.4212067583744,
    108.12595488431529,
    115.5358930396345,
    113.80261435900559,
    119.01726516494963,
    128.17504662594243,
    115.66709902422235,
    124.87213622509461,
    104.69722136647447,
    106.82790709166377,
    90.30899308824283,
    90.00327345450683,
    79.96060691647631,
    88.30093825316624,
    87.77375292235435,
    97.62943529044436,
    104.50273655233201,
    111.87640005412953,
    114.76222409119173,
    109.32700619471422,
    99.58969579850809,
    96.67533719359488,
    86.56938878262332,
    100.018819489098,
    97.02867973671569,
    109.84479764984015,
    108.7091433662669,
    117.04628771300798,
    117.83437088782328,
    124.8548629500577,
    122.79148105609282,
    132.9577876691311,
    129.64105142931712,
    120.43844469571387,
    115.56223963615976,
    96.1778637100329,
    103.4234595267154,
    100.67841679664008,
    111.44306203982714
  ]
}