{
  "date_time_concluded": "08-05-2024T18-32-15",
  "accuracy": 68.68157613741546,
  "smallestDistance": 66.40807590793519,
  "largestDistance": 171.31341067666403,
  "regressionType": "ridge",
  "numCalibrationClicks": 32,
  "targetX": 768,
  "targetY": 432,
  "recorded50X": [
    684.6829503294871,
    678.2023626445898,
    686.5601463027966,
    685.022501520556,
    693.2532200541259,
    689.9446724476012,
    679.9740022301964,
    676.8617586302134,
    676.8895656189102,
    680.2851354774834,
    673.572414234999,
    674.0310762182203,
    660.5444468745621,
    664.4898807633938,
    669.5956186027652,
    666.1514516663268,
    672.3350251059198,
    667.3810190058357,
    682.148625401341,
    667.0461269423754,
    669.7353480927056,
    661.6584922763636,
    656.5383887443122,
    673.5603406060735,
    668.2429277356055,
    673.0559815394877,
    663.813929447731,
    657.5896323294455,
    662.2110892697285,
    676.5353528190074,
    681.7269754885276,
    711.3544326768933,
    704.7669091487865,
    717.7030336397283,
    714.8683507484164,
    702.5383098159375,
    721.5387646266615,
    703.9859879438243,
    730.5776269305638,
    716.941797366514,
    736.7270135959536,
    724.778397113116,
    735.2830958223481,
    739.9018383728289,
    740.5555330294344,
    684.7463145119257,
    673.5684964345215,
    673.8521191125717,
    675.8478596973616,
    681.1182152783174
  ],
  "recorded50Y": [
    537.380418625668,
    544.6689959712876,
    558.663793729298,
    565.7723149770748,
    577.1201264124379,
    569.8643558337324,
    574.2570520121476,
    571.2043303575517,
    558.6442941809762,
    557.3335183688074,
    551.954835831385,
    557.5271064048784,
    565.4225947138548,
    561.1737464008543,
    555.6232806000104,
    547.7457830110477,
    543.3523035585108,
    550.4172396240698,
    540.8323891449855,
    554.3643917659592,
    537.8374919218817,
    538.6783881051035,
    534.0217099093068,
    521.890634568972,
    526.2241410076734,
    526.4002387353938,
    536.9079188094775,
    545.4217748639991,
    547.839505163811,
    539.0387441490202,
    535.2053254335159,
    519.1461472662943,
    528.4811234913807,
    525.6374271529248,
    531.2059986995806,
    538.980619430476,
    525.6106753774616,
    524.3576145661813,
    520.8208915672062,
    508.9297423472633,
    508.42639402712916,
    502.98955959643837,
    499.07144263649525,
    492.17080570316017,
    501.9841435070588,
    546.1722436091322,
    551.9262185518601,
    546.1676172970872,
    543.7102236623043,
    531.8429746820277
  ],
  "distance50": [
    134.33824249081027,
    144.07608520428286,
    150.5860764218261,
    157.41758957699685,
    163.2388807920432,
    158.42731699035443,
    167.28910643122083,
    166.38516950218812,
    156.0124626486888,
    152.97839156203602,
    152.66214852654588,
    156.8031029000625,
    171.31341067666403,
    165.53006235608274,
    158.00676499593732,
    154.1759160261975,
    146.80300722148618,
    155.39247721974306,
    138.6179910671225,
    158.6339461073453,
    144.42131598478147,
    150.628001226994,
    151.1030114740696,
    130.3808860594731,
    137.22121634571513,
    133.88716038040934,
    147.85265884000293,
    158.2875494233413,
    156.87601661851934,
    140.79444034812906,
    134.5153298185565,
    103.93830516568596,
    115.3561050346139,
    106.29088666892191,
    112.53800393722332,
    125.4196388747892,
    104.50648275126883,
    112.37314050912481,
    96.38249210796256,
    92.33160517275994,
    82.57719650495332,
    83.11212022206976,
    74.62556020768174,
    66.40807590793519,
    75.17299455067001,
    141.30278609457858,
    152.64208712470318,
    147.9799591663937,
    144.81433296825008,
    132.35204611104743
  ]
}