{
    "date_time_concluded": "01-05-2024T14-28-11",
    "accuracy": 88.16913665411599,
    "smallestDistance": 23.956592932894402,
    "largestDistance": 77.72846025936725,
    "regressionType": "weightedRidge",
    "numCalibrationClicks": 27,
    "targetX": 768,
    "targetY": 371,
    "recorded50X": [
        797.7579238238445,
        788.6721827118486,
        791.2058767529388,
        782.0596915855817,
        785.0448925849603,
        792.6041799815646,
        782.6433043133216,
        787.4824585600694,
        764.9025770191226,
        768.5096156338266,
        761.6465024440338,
        762.7722667315725,
        768.9299529912786,
        774.9732536650079,
        760.7497835214363,
        785.7078519300201,
        778.649072644916,
        799.6605743856616,
        809.7442444537846,
        810.3222190938125,
        807.0286054145322,
        801.297000824617,
        796.6259925041966,
        800.1998656264313,
        786.8094194994848,
        800.3010737521809,
        769.3639037181358,
        758.2414092165104,
        750.0107931469361,
        743.9739199853248,
        740.9418790545642,
        737.7578842837681,
        749.0860465489259,
        747.8760944652216,
        759.7012793231413,
        767.1616423405451,
        773.4358730224825,
        780.2869673628898,
        787.2883034155013,
        784.1337243736338,
        786.2809794736787,
        787.0302923594713,
        793.0112421699371,
        793.3931730518736,
        801.9080534300361,
        800.2348007882889,
        805.1093357633647,
        802.156470965869,
        799.3162988689435,
        798.7657017117783
    ],
    "recorded50Y": [
        343.7080195666858,
        337.2439336952695,
        332.3711396995418,
        332.8714424087047,
        334.45918981201896,
        333.6539769693901,
        321.98948256533504,
        325.4263167707362,
        301.30972824013384,
        316.3488064755175,
        313.4898076066387,
        320.8532374336354,
        334.5628549075385,
        344.21296340705135,
        334.8555149863171,
        354.4792216171563,
        338.22160092599705,
        353.56587411863427,
        349.91668440540127,
        356.56913957535147,
        355.2078921025583,
        356.6377048817842,
        348.86055401703067,
        353.0270126154004,
        321.8393220549868,
        337.8754294716843,
        299.5935716761574,
        342.3940197963576,
        325.52875893568864,
        313.3590886516256,
        304.03575944673617,
        299.3960338298354,
        305.5079666478256,
        312.779285544601,
        316.01422259091737,
        321.14183450619186,
        325.5757420509392,
        337.30443270598755,
        341.0294082401953,
        350.98362425984226,
        350.7704427687146,
        356.44780711832567,
        357.90890213868147,
        356.92131573832233,
        360.43080248715273,
        355.53352217252393,
        356.56080168664096,
        354.7709540042948,
        353.0821187412815,
        348.2632116240561
    ],
    "distance50": [
        40.37804138734492,
        39.58296540737457,
        45.063306181247974,
        40.638181941056374,
        40.32070401700462,
        44.72237816538906,
        51.15131650726244,
        49.563361413710645,
        69.75907114552534,
        54.65356952427424,
        57.86008261586827,
        50.418518334171324,
        36.44901034397338,
        27.679804842312667,
        36.864473899547065,
        24.217847516873796,
        34.464854475991864,
        36.143335702136234,
        46.76631417461482,
        44.71487405349982,
        42.10252620030885,
        36.262456962777264,
        36.18843068279054,
        36.87627451203838,
        52.63617119358993,
        46.266581224780246,
        71.41945280748386,
        30.224695159600667,
        48.90036121677465,
        62.44779565319127,
        72.22431323296342,
        77.72846025936725,
        68.16849761988102,
        61.600512706225004,
        55.60849289590308,
        49.86521342552469,
        45.748354350067785,
        35.86587266806761,
        35.640917764296034,
        25.70899375579603,
        27.26589804666104,
        23.956592932894402,
        28.230109424121213,
        29.034851268474103,
        35.517094806300854,
        35.75324206625855,
        39.81950839388463,
        37.815954870569676,
        36.07992577113383,
        38.25558714058087
    ]
}