{
  "date_time_concluded": "03-05-2024T19-35-18",
  "accuracy": 84.7392639841838,
  "smallestDistance": 17.126384262298455,
  "largestDistance": 83.90460691617889,
  "regressionType": "weightedRidge",
  "numCalibrationClicks": 34,
  "targetX": 768,
  "targetY": 371,
  "recorded50X": [
    753.4416617803683,
    762.3827199873981,
    757.384496317856,
    764.4499865335291,
    774.9300646683944,
    772.7475876036881,
    779.9223833055149,
    768.8245172204604,
    765.0011762171041,
    764.0583971370386,
    772.5720764593773,
    775.7887153328865,
    778.1479216814319,
    770.4496828523102,
    757.3255082780721,
    735.2952981797625,
    725.7470679618525,
    714.417675950648,
    722.0822468624754,
    717.1608076862692,
    724.0181614480737,
    723.1669048948795,
    727.9290021383839,
    720.5974945584808,
    718.7385739729748,
    715.6476515028751,
    725.010790857795,
    729.820521553992,
    737.6491644385261,
    740.1192042646863,
    740.6690458492715,
    747.8256809243842,
    754.2142791884204,
    761.301417268389,
    758.320710449548,
    755.4852540736779,
    742.4201690463891,
    748.4981223525097,
    756.3160520148765,
    765.7667691916814,
    780.8028198207651,
    778.2096125696804,
    777.0446856660128,
    765.9639521578567,
    758.5747930270973,
    757.0469826180508,
    756.0600052319251,
    755.0276080272522,
    758.6740387681567,
    759.2373555134384
  ],
  "recorded50Y": [
    429.63678754812514,
    422.9749919510448,
    427.6746988997977,
    429.3367717768791,
    424.8003600009773,
    432.1188983424118,
    418.98180991432116,
    414.7650501486864,
    406.3317378698006,
    403.5270901307267,
    391.3591340888714,
    392.30385028667615,
    384.79611262085916,
    390.69438389926887,
    402.8249731766314,
    421.0026337924862,
    432.0708106520469,
    435.1087731903339,
    427.50864053202076,
    422.2151221385845,
    415.499174516518,
    415.64503410176036,
    411.2538769059271,
    422.210691971727,
    422.31592963533444,
    422.13919267075966,
    424.9932333924021,
    425.5855451789023,
    430.3577460012,
    429.7819596877879,
    430.7377059946555,
    419.8068765275259,
    422.9797442670516,
    425.3861841135098,
    434.6620327959825,
    450.2551196095687,
    450.9102953951691,
    451.060666976289,
    443.63491774124174,
    431.52153302314485,
    425.4099276249073,
    427.63530284075404,
    421.9879113647007,
    426.4642643808204,
    420.3875671283188,
    415.44212281230045,
    414.95011720116304,
    417.64620013708924,
    417.9214098840561,
    423.9133565370324
  ],
  "distance50": [
    60.41703456543652,
    52.27765892856284,
    57.66030188793971,
    58.444687842093956,
    54.24485719902753,
    61.30301234559979,
    49.44084653742966,
    43.772816258082706,
    35.45877387870543,
    32.76503968411644,
    20.866198120382073,
    22.682991944932045,
    17.126384262298455,
    19.846150842132673,
    33.56744987655174,
    59.74831300828609,
    74.26273749006612,
    83.55238028027354,
    72.8125436169881,
    72.1637873921722,
    62.566593762640125,
    63.270731674701885,
    56.798410854381935,
    69.78203561344684,
    71.13376644431723,
    73.18459824431297,
    69.01696425400532,
    66.61271888226133,
    66.66719755338904,
    65.05887760767936,
    65.69303290527183,
    52.812066296802996,
    53.776759965275936,
    54.79715351221103,
    64.39365703171579,
    80.23710394778362,
    83.90460691617889,
    82.40166035017701,
    73.56864764147853,
    60.562721861842014,
    55.89590700141314,
    57.548186041672054,
    51.78391105480113,
    55.50162262601913,
    50.27888536290605,
    45.77194413429341,
    45.543125464307174,
    48.41643254850564,
    47.83923346381548,
    53.63401195522279
  ]
}