{
  "date_time_concluded": "01-05-2024T13-59-10",
  "accuracy": 71.7867035199814,
  "smallestDistance": 77.34750441785444,
  "largestDistance": 173.52695081541532,
  "regressionType": "weightedRidge",
  "numCalibrationClicks": 27,
  "targetX": 768,
  "targetY": 432,
  "recorded50X": [
    844.3071570793661,
    845.4964615792729,
    837.7212196228081,
    841.5371756002717,
    849.075226302117,
    856.0641853764357,
    874.8027760531554,
    890.9237105193015,
    920.1767608721514,
    928.2820158882494,
    940.746298688747,
    934.135549432251,
    928.1084921446229,
    922.9613608192403,
    916.4113981524232,
    911.1832804958216,
    897.6843208801404,
    892.0542392276373,
    885.6274982377734,
    887.8811737664416,
    892.2182060729021,
    897.7150479902053,
    896.36715803074,
    895.1077318770297,
    889.8869546880148,
    885.3711612096962,
    881.2732710603061,
    877.979460404144,
    876.5875938457415,
    874.0852683621182,
    875.2047091725949,
    874.8292065953738,
    873.9122890968769,
    872.774826403406,
    867.9070487252916,
    863.3971957597287,
    859.5127892341548,
    860.2612117358447,
    870.3403414297677,
    882.9303882416293,
    935.7268893204639,
    940.6345816512577,
    929.6073816906319,
    920.134321808582,
    908.3890570177659,
    898.6521379322865,
    887.7739788998617,
    872.1027302009106,
    866.3351936709125,
    855.2866711721517
  ],
  "recorded50Y": [
    462.9316253225521,
    462.35593411859713,
    465.49011755694755,
    461.40405926866015,
    453.9463610035542,
    447.2933012063439,
    436.132574781433,
    426.6392038659276,
    419.01477704345405,
    413.11195629586985,
    415.5586208414927,
    418.33773023095904,
    422.60039523535846,
    415.46431650258205,
    420.2543719575075,
    413.56099892393786,
    428.52843576060354,
    435.7019689405382,
    448.5280970429143,
    449.2990167228628,
    450.36406191332026,
    446.7501380970534,
    440.76131347862497,
    441.62802273687157,
    440.9938182744806,
    446.5377022044067,
    454.08278396481273,
    460.36323578733675,
    464.8068139063729,
    470.75979763292855,
    467.76038363937283,
    467.3086785471887,
    456.3077016938237,
    451.17651227886194,
    441.4412206219448,
    437.69494372867734,
    434.8739539389017,
    413.7616695565375,
    398.04686031367646,
    366.29882619673566,
    415.14759241181366,
    422.6428161561971,
    425.80281227395403,
    428.30210201489876,
    424.325709496375,
    420.7231864868387,
    424.6060754365835,
    434.9314523301348,
    442.4296338685904,
    455.609428231709
  ],
  "distance50": [
    82.33800863896212,
    83.2297079985286,
    77.34750441785444,
    79.19794755383545,
    83.99306567352933,
    89.38224548423022,
    106.88269807122481,
    123.04054918206485,
    152.72976973979613,
    161.3910865325906,
    173.52695081541532,
    166.6963658883959,
    160.38416950109587,
    155.8411119559841,
    148.87546097214835,
    144.36567657940074,
    129.73077830804635,
    124.10946315404222,
    118.7830220761257,
    121.122878941997,
    125.56831403632943,
    130.5509871620411,
    128.66579916496738,
    127.47185699104168,
    122.21832305457544,
    118.26806106932042,
    115.40573332524764,
    113.57796817655586,
    113.43523516039933,
    112.94426092550347,
    113.01174587986763,
    112.51303107882995,
    108.66589779400131,
    106.5152706002534,
    100.35215509310213,
    95.56703062716136,
    91.55790629245385,
    94.04662614007633,
    107.82560539371168,
    132.38443405664577,
    168.5713885647191,
    172.88798590819283,
    161.72616038419213,
    152.1792571990854,
    140.59865598600706,
    131.1378956262751,
    120.00198390840885,
    104.14399573689998,
    98.88674115840163,
    90.42327170448745
  ]
}