{
  "date_time_concluded": "30-04-2024T19-41-12",
  "accuracy": 85.81464984862694,
  "smallestDistance": 7.717843093897622,
  "largestDistance": 82.05961259010574,
  "regressionType": "weightedRidge",
  "numCalibrationClicks": 29,
  "targetX": 768,
  "targetY": 371,
  "recorded50X": [
    798.9853901735435,
    791.5203151904461,
    785.8740040383984,
    777.2218599858177,
    771.4842117920815,
    785.2448163188369,
    783.4568778822364,
    796.3155714335495,
    793.2603626193749,
    791.244594203373,
    793.3357258153143,
    797.6618612473364,
    803.7320513575823,
    817.2454738866393,
    817.2461904865042,
    822.9713847341015,
    815.3064309213316,
    811.789449874942,
    802.8290031591853,
    793.6514763335981,
    798.2000762441824,
    790.2242391856913,
    805.1267698238266,
    807.4065477587382,
    806.7852996311966,
    795.9494764637491,
    791.505535973421,
    776.3319929390291,
    776.1734157804899,
    798.6180381654706,
    805.9006822366855,
    808.2272367291728,
    806.9933130386751,
    798.1238749053728,
    788.4268009513621,
    777.0081968807406,
    773.6979258079482,
    765.7895735034235,
    770.7182079946931,
    766.7417317349906,
    761.7145757223745,
    765.1050129427933,
    762.8606973048222,
    774.8190751199154,
    780.3981904638431,
    790.389799924164,
    793.4357807106492,
    792.907185092271,
    796.9146256500084,
    794.487277399054
  ],
  "recorded50Y": [
    352.1136376129177,
    331.6860191824087,
    316.22206282220526,
    301.2760231049543,
    290.5209488381637,
    303.0028158644251,
    306.2642286880806,
    315.75548786698505,
    319.0360056102887,
    306.6210994801684,
    311.5450333806232,
    301.44530551516016,
    311.17045199843744,
    322.19726336654344,
    325.7493004227915,
    336.49102124851663,
    334.9831118096497,
    340.04914043046676,
    326.1761116065744,
    324.81487993009796,
    322.19941036262844,
    314.48688676343966,
    328.9190890472019,
    328.01265615474637,
    319.03127275422867,
    310.4131751161067,
    306.97720479577754,
    289.3644813080592,
    301.2080332031457,
    308.91957168442525,
    317.84094968299416,
    322.90632064547907,
    328.06112110059416,
    330.20650562634444,
    339.0193125408234,
    344.72729903633143,
    361.2888288169099,
    363.6054671056749,
    362.357452659411,
    346.87664217667907,
    322.80357127669026,
    319.8914197103485,
    312.62227614135946,
    329.2638730074525,
    340.52698033287515,
    355.25272842245437,
    361.33897092894995,
    366.0050510392987,
    363.13647934150833,
    356.8578038951156
  ],
  "distance50": [
    36.28758862783417,
    45.81259995223877,
    57.620329935007405,
    70.33118551296356,
    80.55443754208422,
    70.14984490530043,
    66.55550436451891,
    62.07839967672557,
    57.77839243693317,
    68.44672374790376,
    64.62810579229438,
    75.61535252536783,
    69.68754772764056,
    69.33126135614579,
    66.87909306846076,
    64.90549093917204,
    59.45683006544259,
    53.62342425137565,
    56.764781614737245,
    52.83051726004973,
    57.38939060583902,
    60.72601398964952,
    56.117734310721474,
    58.31627334742659,
    64.84634206358193,
    66.72283405333752,
    68.20138214992127,
    82.05961259010574,
    70.2689359169041,
    69.22025600174726,
    65.28664752161934,
    62.69954201364138,
    58.001946371392975,
    50.71052181281528,
    37.9475765691052,
    27.77413233511599,
    11.259360739409727,
    7.717843093897622,
    9.059927109901883,
    24.156151011672137,
    48.60455019883261,
    51.190506241735385,
    58.60350736183245,
    42.28952685747502,
    32.89863301735662,
    27.372973948423468,
    27.208719614710034,
    25.403097928021648,
    29.964821601782425,
    30.026281399524777
  ]
}